event_id,source_id,timestamp,value
e00001,station-east-01,2026-09-09T08:00:00Z,26.6
e00002,station-east-02,2026-09-09T08:00:00Z,42.1
e00003,station-north-01,2026-09-09T08:00:00Z,44.5
e00004,station-north-02,2026-09-09T08:00:00Z,62.5
e00005,station-south-01,2026-09-09T08:00:00Z,93.4
e00006,station-south-02,2026-09-09T08:00:00Z,66.0
e00007,station-west-01,2026-09-09T08:00:00Z,116.7
e00008,station-west-02,2026-09-09T08:00:00Z,88.5
e00009,station-east-01,2026-09-09T08:01:00Z,20.5
e00010,station-east-02,2026-09-09T08:01:00Z,76.6
e00011,station-north-01,2026-09-09T08:01:00Z,41.1
e00012,station-north-02,2026-09-09T08:01:00Z,51.4
e00013,station-south-01,2026-09-09T08:01:00Z,109.1
e00014,station-south-02,2026-09-09T08:01:00Z,71.6
e00015,station-west-01,2026-09-09T08:01:00Z,126.3
e00016,station-west-02,2026-09-09T08:01:00Z,91.9
e00017,station-east-01,2026-09-09T08:02:00Z,23.1
e00018,station-east-02,2026-09-09T08:02:00Z,56.5
e00019,station-north-01,2026-09-09T08:02:00Z,42.1
e00020,station-north-02,2026-09-09T08:02:00Z,55.4
e00021,station-south-01,2026-09-09T08:02:00Z,97.7
e00022,station-south-02,2026-09-09T08:02:00Z,53.6
e00023,station-west-01,2026-09-09T08:02:00Z,115.1
e00024,station-west-02,2026-09-09T08:02:00Z,88.6
e00025,station-east-01,2026-09-09T08:03:00Z,24.7
e00026,station-east-02,2026-09-09T08:03:00Z,64.0
e00027,station-north-01,2026-09-09T08:03:00Z,42.6
e00028,station-north-02,2026-09-09T08:03:00Z,65.4
e00029,station-south-01,2026-09-09T08:03:00Z,100.9
e00030,station-south-02,2026-09-09T08:03:00Z,58.2
e00031,station-west-01,2026-09-09T08:03:00Z,120.7
e00032,station-west-02,2026-09-09T08:03:00Z,94.4
e00033,station-east-01,2026-09-09T08:04:00Z,24.6
e00034,station-east-02,2026-09-09T08:04:00Z,89.2
e00035,station-north-01,2026-09-09T08:04:00Z,37.5
e00036,station-north-02,2026-09-09T08:04:00Z,57.8
e00037,station-south-01,2026-09-09T08:04:00Z,102.5
e00038,station-south-02,2026-09-09T08:04:00Z,55.7
e00039,station-west-01,2026-09-09T08:04:00Z,116.2
e00040,station-west-02,2026-09-09T08:04:00Z,104.6
e00041,station-east-01,2026-09-09T08:05:00Z,26.9
e00042,station-east-02,2026-09-09T08:05:00Z,67.8
e00043,station-north-01,2026-09-09T08:05:00Z,35.3
e00044,station-north-02,2026-09-09T08:05:00Z,55.7
e00045,station-south-01,2026-09-09T08:05:00Z,102.3
e00046,station-south-02,2026-09-09T08:05:00Z,57.0
e00047,station-west-01,2026-09-09T08:05:00Z,118.9
e00048,station-west-02,2026-09-09T08:05:00Z,93.2
e00049,station-east-01,2026-09-09T08:06:00Z,23.5
e00050,station-east-02,2026-09-09T08:06:00Z,75.5
e00051,station-north-01,2026-09-09T08:06:00Z,36.6
e00052,station-north-02,2026-09-09T08:06:00Z,54.2
e00053,station-south-01,2026-09-09T08:06:00Z,100.8
e00054,station-south-02,2026-09-09T08:06:00Z,62.6
e00055,station-west-01,2026-09-09T08:06:00Z,123.7
e00056,station-west-02,2026-09-09T08:06:00Z,93.5
e00057,station-east-01,2026-09-09T08:07:00Z,24.0
e00058,station-east-02,2026-09-09T08:07:00Z,58.2
e00059,station-north-01,2026-09-09T08:07:00Z,41.0
e00060,station-north-02,2026-09-09T08:07:00Z,57.2
e00061,station-south-01,2026-09-09T08:07:00Z,101.2
e00062,station-south-02,2026-09-09T08:07:00Z,54.0
e00063,station-west-01,2026-09-09T08:07:00Z,105.3
e00064,station-west-02,2026-09-09T08:07:00Z,84.6
e00065,station-east-01,2026-09-09T08:08:00Z,25.5
e00066,station-east-02,2026-09-09T08:08:00Z,61.6
e00067,station-north-01,2026-09-09T08:08:00Z,43.2
e00068,station-north-02,2026-09-09T08:08:00Z,61.2
e00069,station-south-01,2026-09-09T08:08:00Z,100.3
e00070,station-south-02,2026-09-09T08:08:00Z,70.4
e00071,station-west-01,2026-09-09T08:08:00Z,105.7
e00072,station-west-02,2026-09-09T08:08:00Z,88.7
e00073,station-east-01,2026-09-09T08:09:00Z,27.1
e00074,station-east-02,2026-09-09T08:09:00Z,50.2
e00075,station-north-01,2026-09-09T08:09:00Z,40.4
e00076,station-north-02,2026-09-09T08:09:00Z,48.6
e00077,station-south-01,2026-09-09T08:09:00Z,93.1
e00078,station-south-02,2026-09-09T08:09:00Z,60.8
e00079,station-west-01,2026-09-09T08:09:00Z,128.6
e00080,station-west-02,2026-09-09T08:09:00Z,90.4
e00081,station-east-01,2026-09-09T08:10:00Z,26.0
e00082,station-east-02,2026-09-09T08:10:00Z,83.3
e00083,station-north-01,2026-09-09T08:10:00Z,35.9
e00084,station-north-02,2026-09-09T08:10:00Z,58.1
e00085,station-south-01,2026-09-09T08:10:00Z,98.7
e00086,station-south-02,2026-09-09T08:10:00Z,52.4
e00087,station-west-01,2026-09-09T08:10:00Z,114.8
e00088,station-west-02,2026-09-09T08:10:00Z,85.6
e00089,station-east-01,2026-09-09T08:11:00Z,27.7
e00090,station-east-02,2026-09-09T08:11:00Z,63.4
e00091,station-north-01,2026-09-09T08:11:00Z,44.2
e00092,station-north-02,2026-09-09T08:11:00Z,46.8
e00093,station-south-01,2026-09-09T08:11:00Z,105.8
e00094,station-south-02,2026-09-09T08:11:00Z,69.7
e00095,station-west-01,2026-09-09T08:11:00Z,111.2
e00096,station-west-02,2026-09-09T08:11:00Z,88.7
e00097,station-east-01,2026-09-09T08:12:00Z,24.3
e00098,station-east-02,2026-09-09T08:12:00Z,80.8
e00099,station-north-01,2026-09-09T08:12:00Z,35.2
e00100,station-north-02,2026-09-09T08:12:00Z,55.8
e00101,station-south-01,2026-09-09T08:12:00Z,100.2
e00102,station-south-02,2026-09-09T08:12:00Z,75.1
e00103,station-west-01,2026-09-09T08:12:00Z,114.3
e00104,station-west-02,2026-09-09T08:12:00Z,91.0
e00105,station-east-01,2026-09-09T08:13:00Z,24.6
e00106,station-east-02,2026-09-09T08:13:00Z,72.3
e00107,station-north-01,2026-09-09T08:13:00Z,38.5
e00108,station-north-02,2026-09-09T08:13:00Z,59.8
e00109,station-south-01,2026-09-09T08:13:00Z,99.9
e00110,station-south-02,2026-09-09T08:13:00Z,49.9
e00111,station-west-01,2026-09-09T08:13:00Z,113.4
e00112,station-west-02,2026-09-09T08:13:00Z,87.3
e00113,station-east-01,2026-09-09T08:14:00Z,23.4
e00114,station-east-02,2026-09-09T08:14:00Z,66.0
e00115,station-north-01,2026-09-09T08:14:00Z,38.3
e00116,station-north-02,2026-09-09T08:14:00Z,46.7
e00117,station-south-01,2026-09-09T08:14:00Z,95.1
e00118,station-south-02,2026-09-09T08:14:00Z,62.5
e00119,station-west-01,2026-09-09T08:14:00Z,131.0
e00120,station-west-02,2026-09-09T08:14:00Z,88.0
e00121,station-east-01,2026-09-09T08:15:00Z,22.2
e00122,station-east-02,2026-09-09T08:15:00Z,69.3
e00123,station-north-01,2026-09-09T08:15:00Z,40.8
e00124,station-north-02,2026-09-09T08:15:00Z,48.3
e00125,station-south-01,2026-09-09T08:15:00Z,101.7
e00126,station-south-02,2026-09-09T08:15:00Z,64.2
e00127,station-west-01,2026-09-09T08:15:00Z,133.1
e00128,station-west-02,2026-09-09T08:15:00Z,98.2
e00129,station-east-01,2026-09-09T08:16:00Z,26.1
e00130,station-east-02,2026-09-09T08:16:00Z,66.6
e00131,station-north-01,2026-09-09T08:16:00Z,43.3
e00132,station-north-02,2026-09-09T08:16:00Z,51.3
e00133,station-south-01,2026-09-09T08:16:00Z,97.8
e00134,station-south-02,2026-09-09T08:16:00Z,47.8
e00135,station-west-01,2026-09-09T08:16:00Z,122.4
e00136,station-west-02,2026-09-09T08:16:00Z,96.2
e00137,station-east-01,2026-09-09T08:17:00Z,27.6
e00138,station-east-02,2026-09-09T08:17:00Z,81.4
e00139,station-north-01,2026-09-09T08:17:00Z,35.5
e00140,station-north-02,2026-09-09T08:17:00Z,51.3
e00141,station-south-01,2026-09-09T08:17:00Z,104.2
e00142,station-south-02,2026-09-09T08:17:00Z,53.0
e00143,station-west-01,2026-09-09T08:17:00Z,136.1
e00144,station-west-02,2026-09-09T08:17:00Z,89.6
e00145,station-east-01,2026-09-09T08:18:00Z,24.3
e00146,station-east-02,2026-09-09T08:18:00Z,82.3
e00147,station-north-01,2026-09-09T08:18:00Z,39.0
e00148,station-north-02,2026-09-09T08:18:00Z,56.9
e00149,station-south-01,2026-09-09T08:18:00Z,98.2
e00150,station-south-02,2026-09-09T08:18:00Z,52.3
e00151,station-west-01,2026-09-09T08:18:00Z,112.5
e00152,station-west-02,2026-09-09T08:18:00Z,86.5
e00153,station-east-01,2026-09-09T08:19:00Z,23.5
e00154,station-east-02,2026-09-09T08:19:00Z,71.1
e00155,station-north-01,2026-09-09T08:19:00Z,40.9
e00156,station-north-02,2026-09-09T08:19:00Z,49.1
e00157,station-south-01,2026-09-09T08:19:00Z,99.6
e00158,station-south-02,2026-09-09T08:19:00Z,60.9
e00159,station-west-01,2026-09-09T08:19:00Z,126.8
e00160,station-west-02,2026-09-09T08:19:00Z,96.7
e00161,station-east-01,2026-09-09T08:20:00Z,25.0
e00162,station-east-02,2026-09-09T08:20:00Z,83.5
e00163,station-north-01,2026-09-09T08:20:00Z,36.5
e00164,station-north-02,2026-09-09T08:20:00Z,46.9
e00165,station-south-01,2026-09-09T08:20:00Z,94.3
e00166,station-south-02,2026-09-09T08:20:00Z,71.7
e00167,station-west-01,2026-09-09T08:20:00Z,114.4
e00168,station-west-02,2026-09-09T08:20:00Z,91.2
e00169,station-east-01,2026-09-09T08:21:00Z,24.4
e00170,station-east-02,2026-09-09T08:21:00Z,56.3
e00171,station-north-01,2026-09-09T08:21:00Z,39.7
e00172,station-north-02,2026-09-09T08:21:00Z,46.6
e00173,station-south-01,2026-09-09T08:21:00Z,97.8
e00174,station-south-02,2026-09-09T08:21:00Z,54.7
e00175,station-west-01,2026-09-09T08:21:00Z,114.9
e00176,station-west-02,2026-09-09T08:21:00Z,89.8
e00177,station-east-01,2026-09-09T08:22:00Z,25.5
e00178,station-east-02,2026-09-09T08:22:00Z,89.0
e00179,station-north-01,2026-09-09T08:22:00Z,40.6
e00180,station-north-02,2026-09-09T08:22:00Z,51.6
e00181,station-south-01,2026-09-09T08:22:00Z,95.9
e00182,station-south-02,2026-09-09T08:22:00Z,55.4
e00183,station-west-01,2026-09-09T08:22:00Z,135.5
e00184,station-west-02,2026-09-09T08:22:00Z,90.8
e00185,station-east-01,2026-09-09T08:23:00Z,26.7
e00186,station-east-02,2026-09-09T08:23:00Z,68.4
e00187,station-north-01,2026-09-09T08:23:00Z,36.0
e00188,station-north-02,2026-09-09T08:23:00Z,49.3
e00189,station-south-01,2026-09-09T08:23:00Z,99.4
e00190,station-south-02,2026-09-09T08:23:00Z,62.5
e00191,station-west-01,2026-09-09T08:23:00Z,119.1
e00192,station-west-02,2026-09-09T08:23:00Z,92.5
e00193,station-east-01,2026-09-09T08:24:00Z,23.9
e00194,station-east-02,2026-09-09T08:24:00Z,78.9
e00195,station-north-01,2026-09-09T08:24:00Z,36.1
e00196,station-north-02,2026-09-09T08:24:00Z,51.6
e00197,station-south-01,2026-09-09T08:24:00Z,102.4
e00198,station-south-02,2026-09-09T08:24:00Z,56.2
e00199,station-west-01,2026-09-09T08:24:00Z,114.6
e00200,station-west-02,2026-09-09T08:24:00Z,81.5
e00201,station-east-01,2026-09-09T08:25:00Z,28.8
e00202,station-east-02,2026-09-09T08:25:00Z,66.4
e00203,station-north-01,2026-09-09T08:25:00Z,39.8
e00204,station-north-02,2026-09-09T08:25:00Z,52.8
e00205,station-south-01,2026-09-09T08:25:00Z,101.0
e00206,station-south-02,2026-09-09T08:25:00Z,65.8
e00207,station-west-01,2026-09-09T08:25:00Z,124.8
e00208,station-west-02,2026-09-09T08:25:00Z,85.7
e00209,station-east-01,2026-09-09T08:26:00Z,23.1
e00210,station-east-02,2026-09-09T08:26:00Z,95.6
e00211,station-north-01,2026-09-09T08:26:00Z,39.3
e00212,station-north-02,2026-09-09T08:26:00Z,44.5
e00213,station-south-01,2026-09-09T08:26:00Z,104.5
e00214,station-south-02,2026-09-09T08:26:00Z,64.4
e00215,station-west-01,2026-09-09T08:26:00Z,134.4
e00216,station-west-02,2026-09-09T08:26:00Z,85.3
e00217,station-east-01,2026-09-09T08:27:00Z,26.9
e00218,station-east-02,2026-09-09T08:27:00Z,55.3
e00219,station-north-01,2026-09-09T08:27:00Z,40.7
e00220,station-north-02,2026-09-09T08:27:00Z,59.4
e00221,station-south-01,2026-09-09T08:27:00Z,102.6
e00222,station-south-02,2026-09-09T08:27:00Z,61.2
e00223,station-west-01,2026-09-09T08:27:00Z,107.7
e00224,station-west-02,2026-09-09T08:27:00Z,98.0
e00225,station-east-01,2026-09-09T08:28:00Z,26.2
e00226,station-east-02,2026-09-09T08:28:00Z,67.4
e00227,station-north-01,2026-09-09T08:28:00Z,46.6
e00228,station-north-02,2026-09-09T08:28:00Z,53.9
e00229,station-south-01,2026-09-09T08:28:00Z,96.4
e00230,station-south-02,2026-09-09T08:28:00Z,72.7
e00231,station-west-01,2026-09-09T08:28:00Z,117.3
e00232,station-west-02,2026-09-09T08:28:00Z,92.1
e00233,station-east-01,2026-09-09T08:29:00Z,28.1
e00234,station-east-02,2026-09-09T08:29:00Z,80.4
e00235,station-north-01,2026-09-09T08:29:00Z,42.7
e00236,station-north-02,2026-09-09T08:29:00Z,55.1
e00237,station-south-01,2026-09-09T08:29:00Z,100.4
e00238,station-south-02,2026-09-09T08:29:00Z,52.2
e00239,station-west-01,2026-09-09T08:29:00Z,123.3
e00240,station-west-02,2026-09-09T08:29:00Z,90.2
e00241,station-east-01,2026-09-09T08:30:00Z,22.8
e00242,station-east-02,2026-09-09T08:30:00Z,86.1
e00243,station-north-01,2026-09-09T08:30:00Z,41.3
e00244,station-north-02,2026-09-09T08:30:00Z,56.4
e00245,station-south-01,2026-09-09T08:30:00Z,97.8
e00246,station-south-02,2026-09-09T08:30:00Z,52.6
e00247,station-west-01,2026-09-09T08:30:00Z,111.3
e00248,station-west-02,2026-09-09T08:30:00Z,92.1
e00249,station-east-01,2026-09-09T08:31:00Z,24.1
e00250,station-east-02,2026-09-09T08:31:00Z,54.0
e00251,station-north-01,2026-09-09T08:31:00Z,37.9
e00252,station-north-02,2026-09-09T08:31:00Z,51.8
e00253,station-south-01,2026-09-09T08:31:00Z,104.7
e00254,station-south-02,2026-09-09T08:31:00Z,62.4
e00255,station-west-01,2026-09-09T08:31:00Z,118.0
e00256,station-west-02,2026-09-09T08:31:00Z,99.3
e00257,station-east-01,2026-09-09T08:32:00Z,23.0
e00258,station-east-02,2026-09-09T08:32:00Z,61.8
e00259,station-north-01,2026-09-09T08:32:00Z,42.8
e00260,station-north-02,2026-09-09T08:32:00Z,62.7
e00261,station-south-01,2026-09-09T08:32:00Z,106.5
e00262,station-south-02,2026-09-09T08:32:00Z,50.9
e00263,station-west-01,2026-09-09T08:32:00Z,109.8
e00264,station-west-02,2026-09-09T08:32:00Z,88.6
e00265,station-east-01,2026-09-09T08:33:00Z,24.0
e00266,station-east-02,2026-09-09T08:33:00Z,46.7
e00267,station-north-01,2026-09-09T08:33:00Z,37.7
e00268,station-north-02,2026-09-09T08:33:00Z,56.6
e00269,station-south-01,2026-09-09T08:33:00Z,97.6
e00270,station-south-02,2026-09-09T08:33:00Z,59.7
e00271,station-west-01,2026-09-09T08:33:00Z,123.9
e00272,station-west-02,2026-09-09T08:33:00Z,88.9
e00273,station-east-01,2026-09-09T08:34:00Z,24.0
e00274,station-east-02,2026-09-09T08:34:00Z,39.6
e00275,station-north-01,2026-09-09T08:34:00Z,44.7
e00276,station-north-02,2026-09-09T08:34:00Z,55.3
e00277,station-south-01,2026-09-09T08:34:00Z,105.2
e00278,station-south-02,2026-09-09T08:34:00Z,59.3
e00279,station-west-01,2026-09-09T08:34:00Z,130.3
e00280,station-west-02,2026-09-09T08:34:00Z,86.9
e00281,station-east-01,2026-09-09T08:35:00Z,24.6
e00282,station-east-02,2026-09-09T08:35:00Z,80.3
e00283,station-north-01,2026-09-09T08:35:00Z,43.6
,station-north-01,2026-09-09T08:35:00Z,41.2
e00285,station-north-02,2026-09-09T08:35:00Z,52.1
e00286,station-south-01,2026-09-09T08:35:00Z,102.8
e00287,station-south-02,2026-09-09T08:35:00Z,57.0
e00288,station-west-01,2026-09-09T08:35:00Z,120.9
e00289,station-west-02,2026-09-09T08:35:00Z,80.3
e00290,station-east-01,2026-09-09T08:36:00Z,24.7
e00291,station-east-02,2026-09-09T08:36:00Z,72.0
e00292,station-north-01,2026-09-09T08:36:00Z,34.0
e00293,station-north-02,2026-09-09T08:36:00Z,48.7
e00294,station-south-01,2026-09-09T08:36:00Z,106.5
e00295,station-south-02,2026-09-09T08:36:00Z,74.3
e00296,station-west-01,2026-09-09T08:36:00Z,115.8
e00297,station-west-02,2026-09-09T08:36:00Z,84.6
e00298,station-east-01,2026-09-09T08:37:00Z,24.3
e00299,station-east-02,2026-09-09T08:37:00Z,88.3
e00300,station-north-01,2026-09-09T08:37:00Z,36.5
e00301,station-north-02,2026-09-09T08:37:00Z,57.3
e00302,station-south-01,2026-09-09T08:37:00Z,108.1
e00303,station-south-02,2026-09-09T08:37:00Z,64.8
e00304,station-west-01,2026-09-09T08:37:00Z,110.8
e00305,station-west-02,2026-09-09T08:37:00Z,92.0
e00306,station-east-01,2026-09-09T08:38:00Z,25.0
e00307,station-east-02,2026-09-09T08:38:00Z,70.9
e00308,station-north-01,2026-09-09T08:38:00Z,39.4
e00309,station-north-02,2026-09-09T08:38:00Z,61.1
e00310,station-south-01,2026-09-09T08:38:00Z,97.9
e00311,station-south-02,2026-09-09T08:38:00Z,60.5
e00312,station-west-01,2026-09-09T08:38:00Z,130.4
e00313,station-west-02,2026-09-09T08:38:00Z,92.4
e00314,station-east-01,2026-09-09T08:39:00Z,27.1
e00315,station-east-02,2026-09-09T08:39:00Z,70.2
e00316,station-north-01,2026-09-09T08:39:00Z,38.8
e00317,station-north-02,2026-09-09T08:39:00Z,60.9
e00318,station-south-01,2026-09-09T08:39:00Z,99.9
e00319,station-south-02,2026-09-09T08:39:00Z,68.2
e00320,station-west-01,2026-09-09T08:39:00Z,120.1
e00321,station-west-02,2026-09-09T08:39:00Z,87.8
e00322,station-east-01,2026-09-09T08:40:00Z,26.3
e00323,station-east-02,2026-09-09T08:40:00Z,83.5
e00324,station-north-01,2026-09-09T08:40:00Z,36.2
e00325,station-north-02,2026-09-09T08:40:00Z,54.9
e00326,station-south-01,2026-09-09T08:40:00Z,99.2
e00327,station-south-02,2026-09-09T08:40:00Z,66.4
e00328,station-west-01,2026-09-09T08:40:00Z,130.5
e00329,station-west-02,2026-09-09T08:40:00Z,88.3
e00330,station-east-01,2026-09-09T08:41:00Z,25.9
e00331,station-east-02,2026-09-09T08:41:00Z,76.2
e00332,station-north-01,2026-09-09T08:41:00Z,36.3
e00333,station-north-02,2026-09-09T08:41:00Z,64.2
e00334,station-south-01,2026-09-09T08:41:00Z,96.2
e00335,station-south-02,2026-09-09T08:41:00Z,59.8
e00336,station-west-01,2026-09-09T08:41:00Z,114.0
e00337,station-west-02,2026-09-09T08:41:00Z,99.3
e00338,station-east-01,2026-09-09T08:42:00Z,22.6
e00339,station-east-02,2026-09-09T08:42:00Z,75.5
e00340,station-north-01,2026-09-09T08:42:00Z,42.2
e00341,station-north-02,2026-09-09T08:42:00Z,47.7
e00342,station-south-01,2026-09-09T08:42:00Z,99.1
e00343,station-south-02,2026-09-09T08:42:00Z,47.8
e00344,station-west-01,2026-09-09T08:42:00Z,112.3
e00345,station-west-02,2026-09-09T08:42:00Z,89.8
e00346,station-east-01,2026-09-09T08:43:00Z,26.8
e00347,station-east-02,2026-09-09T08:43:00Z,47.0
e00348,station-north-01,2026-09-09T08:43:00Z,38.4
e00349,station-north-02,2026-09-09T08:43:00Z,54.9
e00350,station-south-01,2026-09-09T08:43:00Z,106.3
e00351,station-south-02,2026-09-09T08:43:00Z,60.3
e00352,station-west-01,2026-09-09T08:43:00Z,119.2
e00353,station-west-02,2026-09-09T08:43:00Z,98.5
e00354,station-east-01,2026-09-09T08:44:00Z,22.3
e00355,station-east-02,2026-09-09T08:44:00Z,60.4
e00356,station-north-01,2026-09-09T08:44:00Z,35.4
e00357,station-north-02,2026-09-09T08:44:00Z,56.2
e00358,station-south-01,2026-09-09T08:44:00Z,105.7
e00359,station-south-02,2026-09-09T08:44:00Z,47.4
e00360,station-west-01,2026-09-09T08:44:00Z,121.9
e00361,station-west-02,2026-09-09T08:44:00Z,93.0
e00362,station-east-01,2026-09-09T08:45:00Z,27.5
e00363,station-east-02,2026-09-09T08:45:00Z,63.8
e00364,station-north-01,2026-09-09T08:45:00Z,39.2
e00365,station-north-02,2026-09-09T08:45:00Z,65.1
e00366,station-south-01,2026-09-09T08:45:00Z,102.3
e00367,station-south-02,2026-09-09T08:45:00Z,64.6
e00368,station-west-01,2026-09-09T08:45:00Z,128.6
e00369,station-west-02,2026-09-09T08:45:00Z,91.6
e00370,station-east-01,2026-09-09T08:46:00Z,22.2
e00371,station-east-02,2026-09-09T08:46:00Z,82.3
e00372,station-north-01,2026-09-09T08:46:00Z,42.9
e00373,station-north-02,2026-09-09T08:46:00Z,60.2
e00374,station-south-01,2026-09-09T08:46:00Z,102.9
e00375,station-south-02,2026-09-09T08:46:00Z,75.9
e00376,station-west-01,2026-09-09T08:46:00Z,124.4
e00377,station-west-02,2026-09-09T08:46:00Z,84.4
e00378,station-east-01,2026-09-09T08:47:00Z,23.2
e00379,station-east-02,2026-09-09T08:47:00Z,62.8
e00380,station-north-01,2026-09-09T08:47:00Z,45.0
e00381,station-north-02,2026-09-09T08:47:00Z,55.4
e00382,station-south-01,2026-09-09T08:47:00Z,101.5
e00383,station-south-02,2026-09-09T08:47:00Z,52.8
e00384,station-west-01,2026-09-09T08:47:00Z,118.8
e00385,station-west-02,2026-09-09T08:47:00Z,92.2
e00386,station-east-01,2026-09-09T08:48:00Z,23.1
e00387,station-east-02,2026-09-09T08:48:00Z,79.4
e00388,station-north-01,2026-09-09T08:48:00Z,40.2
e00389,station-north-02,2026-09-09T08:48:00Z,57.0
e00390,station-south-01,2026-09-09T08:48:00Z,96.3
e00391,station-south-02,2026-09-09T08:48:00Z,63.2
e00392,station-west-01,2026-09-09T08:48:00Z,112.9
e00393,station-west-02,2026-09-09T08:48:00Z,89.5
e00394,station-east-01,2026-09-09T08:49:00Z,24.9
e00395,station-east-02,2026-09-09T08:49:00Z,40.0
e00396,station-north-01,2026-09-09T08:49:00Z,39.1
e00397,station-north-02,2026-09-09T08:49:00Z,56.5
e00398,station-south-01,2026-09-09T08:49:00Z,101.2
e00399,station-south-02,2026-09-09T08:49:00Z,65.1
e00400,station-west-01,2026-09-09T08:49:00Z,113.3
e00401,station-west-02,2026-09-09T08:49:00Z,92.0
e00402,station-east-01,2026-09-09T08:50:00Z,26.1
e00403,station-east-02,2026-09-09T08:50:00Z,70.4
e00404,station-north-01,2026-09-09T08:50:00Z,37.6
e00405,station-north-02,2026-09-09T08:50:00Z,62.3
e00406,station-south-01,2026-09-09T08:50:00Z,105.5
e00407,station-south-02,2026-09-09T08:50:00Z,44.9
e00408,station-west-01,2026-09-09T08:50:00Z,125.0
e00409,station-west-02,2026-09-09T08:50:00Z,98.2
e00410,station-east-01,2026-09-09T08:51:00Z,20.9
e00411,station-east-02,2026-09-09T08:51:00Z,81.7
e00412,station-north-01,2026-09-09T08:51:00Z,38.4
e00413,station-north-02,2026-09-09T08:51:00Z,55.5
e00414,station-south-01,2026-09-09T08:51:00Z,100.8
e00415,station-south-02,2026-09-09T08:51:00Z,40.7
e00416,station-west-01,2026-09-09T08:51:00Z,123.2
e00417,station-west-02,2026-09-09T08:51:00Z,94.9
e00418,station-east-01,2026-09-09T08:52:00Z,25.2
e00419,station-east-02,2026-09-09T08:52:00Z,80.9
e00420,station-north-01,2026-09-09T08:52:00Z,41.6
e00421,station-north-02,2026-09-09T08:52:00Z,57.7
e00422,station-south-01,2026-09-09T08:52:00Z,99.6
e00423,station-south-02,2026-09-09T08:52:00Z,53.2
e00424,station-west-01,2026-09-09T08:52:00Z,119.8
,station-west-01,2026-09-09T08:52:00Z,118.9
e00426,station-west-02,2026-09-09T08:52:00Z,88.6
e00427,station-east-01,2026-09-09T08:53:00Z,25.6
e00428,station-east-02,2026-09-09T08:53:00Z,58.6
e00429,station-north-01,2026-09-09T08:53:00Z,43.8
e00430,station-north-02,2026-09-09T08:53:00Z,56.3
e00431,station-south-01,2026-09-09T08:53:00Z,98.1
e00432,station-south-02,2026-09-09T08:53:00Z,58.0
e00433,station-west-01,2026-09-09T08:53:00Z,123.5
e00434,station-west-02,2026-09-09T08:53:00Z,94.4
e00435,station-east-01,2026-09-09T08:54:00Z,27.1
e00436,station-east-02,2026-09-09T08:54:00Z,71.8
e00437,station-north-01,2026-09-09T08:54:00Z,43.7
e00438,station-north-02,2026-09-09T08:54:00Z,46.7
e00439,station-south-01,2026-09-09T08:54:00Z,105.2
e00440,station-south-02,2026-09-09T08:54:00Z,54.5
e00441,station-west-01,2026-09-09T08:54:00Z,132.5
e00442,station-west-02,2026-09-09T08:54:00Z,90.8
e00443,station-east-01,2026-09-09T08:55:00Z,24.0
e00444,station-east-02,2026-09-09T08:55:00Z,68.6
e00445,station-north-01,2026-09-09T08:55:00Z,39.3
e00446,station-north-02,2026-09-09T08:55:00Z,58.7
e00447,station-south-01,2026-09-09T08:55:00Z,99.5
e00448,station-south-02,2026-09-09T08:55:00Z,57.3
e00449,station-west-01,2026-09-09T08:55:00Z,128.3
e00450,station-west-02,2026-09-09T08:55:00Z,82.4
e00451,station-east-01,2026-09-09T08:56:00Z,23.0
e00452,station-east-02,2026-09-09T08:56:00Z,77.1
e00453,station-north-01,2026-09-09T08:56:00Z,42.7
e00454,station-north-02,2026-09-09T08:56:00Z,57.6
e00455,station-south-01,2026-09-09T08:56:00Z,95.7
e00456,station-south-02,2026-09-09T08:56:00Z,66.6
e00457,station-west-01,2026-09-09T08:56:00Z,115.7
e00458,station-west-02,2026-09-09T08:56:00Z,86.4
e00459,station-east-01,2026-09-09T08:57:00Z,24.0
e00460,station-east-02,2026-09-09T08:57:00Z,53.7
e00461,station-north-01,2026-09-09T08:57:00Z,42.3
e00462,station-north-02,2026-09-09T08:57:00Z,63.4
e00463,station-south-01,2026-09-09T08:57:00Z,96.9
e00464,station-south-02,2026-09-09T08:57:00Z,52.5
e00465,station-west-01,2026-09-09T08:57:00Z,131.1
e00466,station-west-02,2026-09-09T08:57:00Z,91.3
e00467,station-east-01,2026-09-09T08:58:00Z,22.8
e00468,station-east-02,2026-09-09T08:58:00Z,65.6
e00469,station-north-01,2026-09-09T08:58:00Z,41.4
e00470,station-north-02,2026-09-09T08:58:00Z,42.3
e00471,station-south-01,2026-09-09T08:58:00Z,94.0
e00472,station-south-02,2026-09-09T08:58:00Z,65.2
e00473,station-west-01,2026-09-09T08:58:00Z,110.4
e00474,station-west-02,2026-09-09T08:58:00Z,80.7
e00475,station-east-01,2026-09-09T08:59:00Z,26.1
e00476,station-east-02,2026-09-09T08:59:00Z,65.0
e00477,station-north-01,2026-09-09T08:59:00Z,32.6
e00478,station-north-02,2026-09-09T08:59:00Z,50.1
e00479,station-south-01,2026-09-09T08:59:00Z,95.1
e00480,station-south-02,2026-09-09T08:59:00Z,73.6
e00481,station-west-01,2026-09-09T08:59:00Z,120.7
e00482,station-west-02,2026-09-09T08:59:00Z,92.5
e00483,station-east-01,2026-09-09T09:00:00Z,39.0
e00484,station-east-02,2026-09-09T09:00:00Z,154.0
e00485,station-north-01,2026-09-09T09:00:00Z,61.0
e00486,station-north-02,2026-09-09T09:00:00Z,97.0
e00487,station-south-01,2026-09-09T09:00:00Z,102.6
e00488,station-south-02,2026-09-09T09:00:00Z,109.0
e00489,station-west-01,2026-09-09T09:00:00Z,118.0
e00490,station-west-02,2026-09-09T09:00:00Z,125.0
e00491,station-east-01,2026-09-09T09:01:00Z,22.6
e00492,station-east-02,2026-09-09T09:01:00Z,92.9
e00493,station-north-01,2026-09-09T09:01:00Z,39.1
e00494,station-north-02,2026-09-09T09:01:00Z,37.8
e00495,station-south-01,2026-09-09T09:01:00Z,103.8
e00496,station-south-02,2026-09-09T09:01:00Z,67.0
e00497,station-west-01,2026-09-09T09:01:00Z,120.6
e00498,station-west-02,2026-09-09T09:01:00Z,87.5
e00499,station-east-01,2026-09-09T09:02:00Z,22.9
e00500,station-east-02,2026-09-09T09:02:00Z,48.4
e00501,station-north-01,2026-09-09T09:02:00Z,44.0
e00502,station-north-02,2026-09-09T09:02:00Z,47.2
e00503,station-south-01,2026-09-09T09:02:00Z,97.8
e00504,station-south-02,2026-09-09T09:02:00Z,59.9
e00505,station-west-01,2026-09-09T09:02:00Z,123.7
e00506,station-west-02,2026-09-09T09:02:00Z,86.0
e00507,station-east-01,2026-09-09T09:03:00Z,21.3
e00508,station-east-02,2026-09-09T09:03:00Z,85.4
e00509,station-north-01,2026-09-09T09:03:00Z,39.2
e00510,station-north-02,2026-09-09T09:03:00Z,64.8
e00511,station-south-01,2026-09-09T09:03:00Z,94.5
e00512,station-south-02,2026-09-09T09:03:00Z,67.2
e00513,station-west-01,2026-09-09T09:03:00Z,121.8
e00514,station-west-02,2026-09-09T09:03:00Z,97.0
e00515,station-east-01,2026-09-09T09:04:00Z,21.0
e00516,station-east-02,2026-09-09T09:04:00Z,60.0
e00517,station-north-01,2026-09-09T09:04:00Z,41.4
e00518,station-north-02,2026-09-09T09:04:00Z,52.9
e00519,station-south-01,2026-09-09T09:04:00Z,95.8
e00520,station-south-02,2026-09-09T09:04:00Z,51.5
e00521,station-west-01,2026-09-09T09:04:00Z,124.9
e00522,station-west-02,2026-09-09T09:04:00Z,93.5
e00523,station-east-01,2026-09-09T09:05:00Z,24.2
e00524,station-east-02,2026-09-09T09:05:00Z,83.3
e00525,station-north-01,2026-09-09T09:05:00Z,40.8
e00526,station-north-02,2026-09-09T09:05:00Z,59.4
e00527,station-south-01,2026-09-09T09:05:00Z,106.4
e00528,station-south-02,2026-09-09T09:05:00Z,55.1
e00529,station-west-01,2026-09-09T09:05:00Z,108.6
e00530,station-west-02,2026-09-09T09:05:00Z,87.5
e00531,station-east-01,2026-09-09T09:06:00Z,25.7
e00532,station-east-02,2026-09-09T09:06:00Z,66.5
e00533,station-north-01,2026-09-09T09:06:00Z,43.8
e00534,station-north-02,2026-09-09T09:06:00Z,53.8
e00535,station-south-01,2026-09-09T09:06:00Z,102.1
e00536,station-south-02,2026-09-09T09:06:00Z,62.6
e00537,station-west-01,2026-09-09T09:06:00Z,131.9
e00538,station-west-02,2026-09-09T09:06:00Z,86.7
e00539,station-east-01,2026-09-09T09:07:00Z,25.7
e00540,station-east-02,2026-09-09T09:07:00Z,63.3
e00541,station-north-01,2026-09-09T09:07:00Z,42.3
e00542,station-north-02,2026-09-09T09:07:00Z,55.6
e00543,station-south-01,2026-09-09T09:07:00Z,107.5
e00544,station-south-02,2026-09-09T09:07:00Z,73.4
e00545,station-west-01,2026-09-09T09:07:00Z,117.0
e00546,station-west-02,2026-09-09T09:07:00Z,91.6
e00547,station-east-01,2026-09-09T09:08:00Z,27.4
e00548,station-east-02,2026-09-09T09:08:00Z,73.5
e00549,station-north-01,2026-09-09T09:08:00Z,43.1
e00550,station-north-02,2026-09-09T09:08:00Z,54.6
e00551,station-south-01,2026-09-09T09:08:00Z,98.7
e00552,station-south-02,2026-09-09T09:08:00Z,69.0
e00553,station-west-01,2026-09-09T09:08:00Z,121.6
e00554,station-west-02,2026-09-09T09:08:00Z,84.2
e00555,,2026-09-09T09:09:00Z,58.0
e00556,station-east-01,2026-09-09T09:09:00Z,25.8
e00557,station-east-02,2026-09-09T09:09:00Z,64.4
e00558,station-north-01,2026-09-09T09:09:00Z,44.5
e00559,station-north-02,2026-09-09T09:09:00Z,52.5
e00560,station-south-01,2026-09-09T09:09:00Z,100.2
e00561,station-south-02,2026-09-09T09:09:00Z,57.8
e00562,station-west-01,2026-09-09T09:09:00Z,130.5
e00563,station-west-02,2026-09-09T09:09:00Z,87.6
e00564,station-east-01,2026-09-09T09:10:00Z,24.1
e00565,station-east-02,2026-09-09T09:10:00Z,74.3
e00566,station-north-01,2026-09-09T09:10:00Z,42.9
e00567,station-north-02,2026-09-09T09:10:00Z,53.4
e00568,station-south-01,2026-09-09T09:10:00Z,101.1
e00569,station-south-02,2026-09-09T09:10:00Z,63.0
e00570,station-west-01,2026-09-09T09:10:00Z,116.7
e00571,station-west-02,2026-09-09T09:10:00Z,90.9
e00572,station-east-01,2026-09-09T09:11:00Z,25.8
e00573,station-east-02,2026-09-09T09:11:00Z,76.8
e00574,station-north-01,2026-09-09T09:11:00Z,42.3
e00575,station-north-02,2026-09-09T09:11:00Z,53.6
e00576,station-south-01,2026-09-09T09:11:00Z,97.1
e00577,station-south-02,2026-09-09T09:11:00Z,54.2
e00578,station-west-01,2026-09-09T09:11:00Z,114.5
e00579,station-west-02,2026-09-09T09:11:00Z,79.6
e00580,station-east-01,2026-09-09T09:12:00Z,28.2
e00581,station-east-02,2026-09-09T09:12:00Z,68.0
e00582,station-north-01,2026-09-09T09:12:00Z,39.2
e00583,station-north-02,2026-09-09T09:12:00Z,50.9
e00584,station-south-01,2026-09-09T09:12:00Z,96.5
e00585,station-south-02,2026-09-09T09:12:00Z,57.7
e00586,station-west-01,2026-09-09T09:12:00Z,107.8
e00587,station-west-02,2026-09-09T09:12:00Z,96.2
e00588,station-east-01,2026-09-09T09:13:00Z,24.8
e00589,station-east-02,2026-09-09T09:13:00Z,71.6
e00590,station-north-01,2026-09-09T09:13:00Z,40.3
e00591,station-north-02,2026-09-09T09:13:00Z,57.0
e00592,station-south-01,2026-09-09T09:13:00Z,90.5
e00593,station-south-02,2026-09-09T09:13:00Z,54.5
e00594,station-west-01,2026-09-09T09:13:00Z,127.4
e00595,station-west-02,2026-09-09T09:13:00Z,80.4
e00596,station-east-01,2026-09-09T09:14:00Z,24.3
e00597,station-east-02,2026-09-09T09:14:00Z,88.6
e00598,station-north-01,2026-09-09T09:14:00Z,46.5
e00599,station-north-02,2026-09-09T09:14:00Z,59.8
e00600,station-south-01,2026-09-09T09:14:00Z,98.9
e00601,station-south-02,2026-09-09T09:14:00Z,61.2
e00602,station-west-01,2026-09-09T09:14:00Z,120.5
e00603,station-west-02,2026-09-09T09:14:00Z,87.7
e00604,station-east-01,2026-09-09T09:15:00Z,24.0
e00605,station-east-02,2026-09-09T09:15:00Z,70.0
e00606,station-north-01,2026-09-09T09:15:00Z,40.1
e00607,station-north-02,2026-09-09T09:15:00Z,53.3
e00608,station-south-01,2026-09-09T09:15:00Z,103.3
e00609,station-south-02,2026-09-09T09:15:00Z,54.9
e00610,station-west-01,2026-09-09T09:15:00Z,121.9
e00611,station-west-02,2026-09-09T09:15:00Z,89.8
e00612,station-east-01,2026-09-09T09:16:00Z,25.9
e00613,station-east-02,2026-09-09T09:16:00Z,63.9
e00614,station-north-01,2026-09-09T09:16:00Z,41.5
e00615,station-north-02,2026-09-09T09:16:00Z,51.8
e00616,station-south-01,2026-09-09T09:16:00Z,96.9
e00617,station-south-02,2026-09-09T09:16:00Z,56.8
e00618,station-west-01,2026-09-09T09:16:00Z,125.7
e00619,station-west-02,2026-09-09T09:16:00Z,90.5
e00620,station-east-01,2026-09-09T09:17:00Z,25.1
e00621,station-east-02,2026-09-09T09:17:00Z,53.7
e00622,station-north-01,2026-09-09T09:17:00Z,39.8
e00623,station-north-02,2026-09-09T09:17:00Z,59.0
e00624,station-south-01,2026-09-09T09:17:00Z,97.9
e00625,station-south-02,2026-09-09T09:17:00Z,60.6
e00626,station-west-01,2026-09-09T09:17:00Z,115.5
e00627,station-west-02,2026-09-09T09:17:00Z,88.5
e00628,station-east-01,2026-09-09T09:18:00Z,25.2
e00629,station-east-02,2026-09-09T09:18:00Z,83.6
e00630,station-north-01,2026-09-09T09:18:00Z,39.1
e00631,station-north-02,2026-09-09T09:18:00Z,61.1
e00632,station-south-01,2026-09-09T09:18:00Z,98.8
e00633,station-south-02,2026-09-09T09:18:00Z,57.6
e00634,station-west-01,2026-09-09T09:18:00Z,103.2
e00635,station-west-02,2026-09-09T09:18:00Z,95.8
e00636,station-east-01,2026-09-09T09:19:00Z,23.8
e00637,station-east-02,2026-09-09T09:19:00Z,72.2
e00638,station-north-01,2026-09-09T09:19:00Z,31.0
e00639,station-north-02,2026-09-09T09:19:00Z,61.1
e00640,station-south-01,2026-09-09T09:19:00Z,101.9
e00641,station-south-02,2026-09-09T09:19:00Z,53.8
e00642,station-west-01,2026-09-09T09:19:00Z,106.7
e00643,station-west-02,2026-09-09T09:19:00Z,94.5
e00644,station-east-01,2026-09-09T09:20:00Z,25.5
e00645,station-east-02,2026-09-09T09:20:00Z,68.6
e00646,station-north-01,2026-09-09T09:20:00Z,45.1
e00647,station-north-02,2026-09-09T09:20:00Z,53.4
e00648,station-south-01,2026-09-09T09:20:00Z,104.5
e00649,station-south-02,2026-09-09T09:20:00Z,47.1
e00650,station-west-01,2026-09-09T09:20:00Z,122.1
e00651,station-west-02,2026-09-09T09:20:00Z,87.1
e00652,station-east-01,2026-09-09T09:21:00Z,28.2
e00653,station-east-02,2026-09-09T09:21:00Z,61.8
e00654,station-north-01,2026-09-09T09:21:00Z,36.5
e00655,station-north-02,2026-09-09T09:21:00Z,59.5
e00656,station-south-01,2026-09-09T09:21:00Z,109.1
e00657,station-south-02,2026-09-09T09:21:00Z,64.2
e00658,station-west-01,2026-09-09T09:21:00Z,125.9
e00659,station-west-02,2026-09-09T09:21:00Z,81.5
e00660,station-east-01,2026-09-09T09:22:00Z,23.3
e00661,station-east-02,2026-09-09T09:22:00Z,70.1
e00662,station-north-01,2026-09-09T09:22:00Z,37.5
e00663,station-north-02,2026-09-09T09:22:00Z,52.9
e00664,station-south-01,2026-09-09T09:22:00Z,99.1
e00665,station-south-02,2026-09-09T09:22:00Z,58.4
e00666,station-west-01,2026-09-09T09:22:00Z,116.7
e00667,station-west-02,2026-09-09T09:22:00Z,89.4
e00668,station-east-01,2026-09-09T09:23:00Z,25.7
e00669,station-east-02,2026-09-09T09:23:00Z,77.8
e00670,station-north-01,2026-09-09T09:23:00Z,44.1
e00671,station-north-02,2026-09-09T09:23:00Z,60.2
e00672,station-south-01,2026-09-09T09:23:00Z,101.0
e00673,station-south-02,2026-09-09T09:23:00Z,65.0
e00674,station-west-01,2026-09-09T09:23:00Z,125.6
e00675,station-west-02,2026-09-09T09:23:00Z,98.2
e00676,station-east-01,2026-09-09T09:24:00Z,24.9
e00677,station-east-02,2026-09-09T09:24:00Z,92.0
e00678,station-north-01,2026-09-09T09:24:00Z,32.9
e00679,station-north-02,2026-09-09T09:24:00Z,56.1
e00680,station-south-01,2026-09-09T09:24:00Z,97.2
e00681,station-south-02,2026-09-09T09:24:00Z,51.8
e00682,station-west-01,2026-09-09T09:24:00Z,118.3
e00683,station-west-02,2026-09-09T09:24:00Z,89.1
e00684,station-east-01,2026-09-09T09:25:00Z,23.1
e00685,station-east-02,2026-09-09T09:25:00Z,76.3
e00686,station-north-01,2026-09-09T09:25:00Z,40.1
e00687,station-north-02,2026-09-09T09:25:00Z,51.0
e00688,station-south-01,2026-09-09T09:25:00Z,100.4
e00689,station-south-02,2026-09-09T09:25:00Z,65.4
e00690,station-west-01,2026-09-09T09:25:00Z,120.0
e00691,station-west-02,2026-09-09T09:25:00Z,90.3
e00692,,2026-09-09T09:26:00Z,101.4
e00693,station-east-01,2026-09-09T09:26:00Z,25.9
e00694,station-east-02,2026-09-09T09:26:00Z,65.6
e00695,station-north-01,2026-09-09T09:26:00Z,38.3
e00696,station-north-02,2026-09-09T09:26:00Z,58.8
e00697,station-south-01,2026-09-09T09:26:00Z,97.3
e00698,station-south-02,2026-09-09T09:26:00Z,43.9
e00699,station-west-01,2026-09-09T09:26:00Z,129.9
e00700,station-west-02,2026-09-09T09:26:00Z,89.1
e00701,station-east-01,2026-09-09T09:27:00Z,24.6
e00702,station-east-02,2026-09-09T09:27:00Z,62.3
e00703,station-north-01,2026-09-09T09:27:00Z,34.5
e00704,station-north-02,2026-09-09T09:27:00Z,58.8
e00705,station-south-01,2026-09-09T09:27:00Z,99.4
e00706,station-south-02,2026-09-09T09:27:00Z,66.3
e00707,station-west-01,2026-09-09T09:27:00Z,93.4
e00708,station-west-02,2026-09-09T09:27:00Z,82.7
e00709,station-east-01,2026-09-09T09:28:00Z,23.3
e00710,station-east-02,2026-09-09T09:28:00Z,63.6
e00711,station-north-01,2026-09-09T09:28:00Z,41.8
e00712,station-north-02,2026-09-09T09:28:00Z,50.6
e00713,station-south-01,2026-09-09T09:28:00Z,101.5
e00714,station-south-02,2026-09-09T09:28:00Z,49.5
e00715,station-west-01,2026-09-09T09:28:00Z,121.8
e00716,station-west-02,2026-09-09T09:28:00Z,86.4
e00717,station-east-01,2026-09-09T09:29:00Z,23.8
e00718,station-east-02,2026-09-09T09:29:00Z,72.6
e00719,station-north-01,2026-09-09T09:29:00Z,37.7
e00720,station-north-02,2026-09-09T09:29:00Z,52.9
e00721,station-south-01,2026-09-09T09:29:00Z,97.9
e00722,station-south-02,2026-09-09T09:29:00Z,65.4
e00723,station-west-01,2026-09-09T09:29:00Z,127.8
e00724,station-west-02,2026-09-09T09:29:00Z,93.8
e00725,station-east-01,2026-09-09T09:30:00Z,24.9
e00726,station-east-02,2026-09-09T09:30:00Z,93.1
e00727,station-north-01,2026-09-09T09:30:00Z,39.7
e00728,station-north-02,2026-09-09T09:30:00Z,59.4
e00729,station-south-01,2026-09-09T09:30:00Z,109.1
e00730,station-south-02,2026-09-09T09:30:00Z,65.4
e00731,station-west-01,2026-09-09T09:30:00Z,111.2
e00732,station-west-02,2026-09-09T09:30:00Z,96.0
e00733,station-east-01,2026-09-09T09:31:00Z,25.3
e00734,station-east-02,2026-09-09T09:31:00Z,43.9
e00735,station-north-01,2026-09-09T09:31:00Z,38.7
e00736,station-north-02,2026-09-09T09:31:00Z,58.6
e00737,station-south-01,2026-09-09T09:31:00Z,103.9
e00738,station-south-02,2026-09-09T09:31:00Z,52.5
e00739,station-west-01,2026-09-09T09:31:00Z,128.8
e00740,station-west-02,2026-09-09T09:31:00Z,96.8
e00741,station-east-01,2026-09-09T09:32:00Z,25.5
e00742,station-east-02,2026-09-09T09:32:00Z,62.2
e00743,station-north-01,2026-09-09T09:32:00Z,41.9
e00744,station-north-02,2026-09-09T09:32:00Z,67.4
e00745,station-south-01,2026-09-09T09:32:00Z,99.7
e00746,station-south-02,2026-09-09T09:32:00Z,67.2
e00747,station-west-01,2026-09-09T09:32:00Z,106.3
e00748,station-west-02,2026-09-09T09:32:00Z,90.1
e00749,station-east-01,2026-09-09T09:33:00Z,27.1
e00750,station-east-02,2026-09-09T09:33:00Z,69.9
e00751,station-north-01,2026-09-09T09:33:00Z,46.8
e00752,station-north-02,2026-09-09T09:33:00Z,51.9
e00753,station-south-01,2026-09-09T09:33:00Z,102.6
e00754,station-south-02,2026-09-09T09:33:00Z,65.4
e00755,station-west-01,2026-09-09T09:33:00Z,128.1
e00756,station-west-02,2026-09-09T09:33:00Z,93.5
e00757,station-east-01,2026-09-09T09:34:00Z,24.5
e00758,station-east-02,2026-09-09T09:34:00Z,71.7
e00759,station-north-01,2026-09-09T09:34:00Z,36.2
e00760,station-north-02,2026-09-09T09:34:00Z,49.0
e00761,station-south-01,2026-09-09T09:34:00Z,99.9
e00762,station-south-02,2026-09-09T09:34:00Z,54.6
e00763,station-west-01,2026-09-09T09:34:00Z,125.9
e00764,station-west-02,2026-09-09T09:34:00Z,91.2
e00765,station-east-01,2026-09-09T09:35:00Z,23.6
e00766,station-east-02,2026-09-09T09:35:00Z,84.6
e00767,station-north-01,2026-09-09T09:35:00Z,42.6
e00768,station-north-02,2026-09-09T09:35:00Z,57.2
e00769,station-south-01,2026-09-09T09:35:00Z,95.4
e00770,station-south-02,2026-09-09T09:35:00Z,67.8
e00771,station-west-01,2026-09-09T09:35:00Z,118.0
e00772,station-west-02,2026-09-09T09:35:00Z,85.2
e00773,station-east-01,2026-09-09T09:36:00Z,23.0
e00774,station-east-02,2026-09-09T09:36:00Z,75.6
e00775,station-north-01,2026-09-09T09:36:00Z,37.9
e00776,station-north-02,2026-09-09T09:36:00Z,59.1
e00777,station-south-01,2026-09-09T09:36:00Z,97.1
e00778,station-south-02,2026-09-09T09:36:00Z,58.4
e00779,station-west-01,2026-09-09T09:36:00Z,128.1
e00780,station-west-02,2026-09-09T09:36:00Z,85.6
e00781,station-east-01,2026-09-09T09:37:00Z,26.5
e00782,station-east-02,2026-09-09T09:37:00Z,65.4
e00783,station-north-01,2026-09-09T09:37:00Z,38.9
e00784,station-north-02,2026-09-09T09:37:00Z,62.9
e00785,station-south-01,2026-09-09T09:37:00Z,96.9
e00786,station-south-02,2026-09-09T09:37:00Z,63.3
e00787,station-west-01,2026-09-09T09:37:00Z,127.4
e00788,station-west-02,2026-09-09T09:37:00Z,85.8
e00789,station-east-01,2026-09-09T09:38:00Z,23.5
e00790,station-east-02,2026-09-09T09:38:00Z,58.9
e00791,station-north-01,2026-09-09T09:38:00Z,34.3
e00792,station-north-02,2026-09-09T09:38:00Z,54.2
e00793,station-south-01,2026-09-09T09:38:00Z,104.0
e00794,station-south-02,2026-09-09T09:38:00Z,52.7
e00795,station-west-01,2026-09-09T09:38:00Z,127.7
e00796,station-west-02,2026-09-09T09:38:00Z,83.1
e00797,station-east-01,2026-09-09T09:39:00Z,26.5
e00798,station-east-02,2026-09-09T09:39:00Z,62.6
e00799,station-north-01,2026-09-09T09:39:00Z,36.6
e00800,station-north-02,2026-09-09T09:39:00Z,50.4
e00801,station-south-01,2026-09-09T09:39:00Z,100.8
e00802,station-south-02,2026-09-09T09:39:00Z,51.6
e00803,station-west-01,2026-09-09T09:39:00Z,123.1
e00804,station-west-02,2026-09-09T09:39:00Z,90.2
e00805,station-east-01,2026-09-09T09:40:00Z,24.8
e00806,station-east-02,2026-09-09T09:40:00Z,74.4
e00807,station-north-01,2026-09-09T09:40:00Z,38.7
e00808,station-north-02,2026-09-09T09:40:00Z,53.0
e00809,station-south-01,2026-09-09T09:40:00Z,100.9
e00810,station-south-02,2026-09-09T09:40:00Z,54.7
e00811,station-west-01,2026-09-09T09:40:00Z,125.0
e00812,station-west-02,2026-09-09T09:40:00Z,88.0
e00813,station-east-01,2026-09-09T09:41:00Z,27.2
e00814,station-east-02,2026-09-09T09:41:00Z,99.5
e00815,station-north-01,2026-09-09T09:41:00Z,42.4
e00816,station-north-02,2026-09-09T09:41:00Z,53.0
e00817,station-south-01,2026-09-09T09:41:00Z,91.3
e00818,station-south-02,2026-09-09T09:41:00Z,59.7
e00819,station-west-01,2026-09-09T09:41:00Z,134.1
e00820,station-west-02,2026-09-09T09:41:00Z,90.2
e00821,station-east-01,2026-09-09T09:42:00Z,28.2
e00822,station-east-02,2026-09-09T09:42:00Z,68.5
e00823,station-north-01,2026-09-09T09:42:00Z,40.7
e00824,station-north-02,2026-09-09T09:42:00Z,53.0
e00825,station-south-01,2026-09-09T09:42:00Z,96.0
e00826,station-south-02,2026-09-09T09:42:00Z,68.6
e00827,station-west-01,2026-09-09T09:42:00Z,107.5
e00828,station-west-02,2026-09-09T09:42:00Z,83.8
e00829,station-east-01,2026-09-09T09:43:00Z,25.2
e00830,station-east-02,2026-09-09T09:43:00Z,93.3
e00831,station-north-01,2026-09-09T09:43:00Z,41.7
e00832,station-north-02,2026-09-09T09:43:00Z,59.5
e00833,station-north-02,not-a-date,57.3
e00834,station-south-01,2026-09-09T09:43:00Z,103.0
e00835,station-south-02,2026-09-09T09:43:00Z,55.6
e00836,station-west-01,2026-09-09T09:43:00Z,128.6
e00837,station-west-02,2026-09-09T09:43:00Z,89.9
e00838,station-east-01,2026-09-09T09:44:00Z,22.4
e00839,station-east-02,2026-09-09T09:44:00Z,59.8
e00840,station-north-01,2026-09-09T09:44:00Z,42.2
e00841,station-north-02,2026-09-09T09:44:00Z,57.4
e00842,station-south-01,2026-09-09T09:44:00Z,97.0
e00843,station-south-02,2026-09-09T09:44:00Z,69.9
e00844,station-west-01,2026-09-09T09:44:00Z,108.9
e00845,station-west-02,2026-09-09T09:44:00Z,90.4
e00846,station-east-01,2026-09-09T09:45:00Z,23.3
e00847,station-east-02,2026-09-09T09:45:00Z,66.7
e00848,station-north-01,2026-09-09T09:45:00Z,35.8
e00849,station-north-02,2026-09-09T09:45:00Z,47.0
e00850,station-south-01,2026-09-09T09:45:00Z,98.4
e00851,station-south-02,2026-09-09T09:45:00Z,61.7
e00852,station-west-01,2026-09-09T09:45:00Z,112.7
e00853,station-west-02,2026-09-09T09:45:00Z,90.0
e00854,station-east-01,2026-09-09T09:46:00Z,22.6
e00855,station-east-02,2026-09-09T09:46:00Z,75.2
e00856,station-north-01,2026-09-09T09:46:00Z,44.4
e00857,station-north-02,2026-09-09T09:46:00Z,48.6
e00858,station-south-01,2026-09-09T09:46:00Z,96.2
e00859,station-south-02,2026-09-09T09:46:00Z,62.7
e00860,station-west-01,2026-09-09T09:46:00Z,112.9
e00861,station-west-02,2026-09-09T09:46:00Z,94.4
e00862,station-east-01,2026-09-09T09:47:00Z,23.2
e00863,station-east-02,2026-09-09T09:47:00Z,57.7
e00864,station-north-01,2026-09-09T09:47:00Z,39.0
e00865,station-north-02,2026-09-09T09:47:00Z,54.5
e00866,station-south-01,2026-09-09T09:47:00Z,101.6
e00867,station-south-02,2026-09-09T09:47:00Z,69.6
e00868,station-west-01,2026-09-09T09:47:00Z,107.9
e00869,station-west-02,2026-09-09T09:47:00Z,89.3
e00870,station-east-01,2026-09-09T09:48:00Z,27.3
e00871,station-east-02,2026-09-09T09:48:00Z,74.1
e00872,station-north-01,2026-09-09T09:48:00Z,42.1
e00873,station-north-02,2026-09-09T09:48:00Z,48.5
e00874,station-south-01,2026-09-09T09:48:00Z,99.7
e00875,station-south-02,2026-09-09T09:48:00Z,54.5
e00876,station-west-01,2026-09-09T09:48:00Z,118.6
e00877,station-west-02,2026-09-09T09:48:00Z,91.7
e00878,station-east-01,2026-09-09T09:49:00Z,23.4
e00879,station-east-02,2026-09-09T09:49:00Z,62.6
e00880,station-north-01,2026-09-09T09:49:00Z,39.5
e00881,station-north-02,2026-09-09T09:49:00Z,52.8
e00882,station-south-01,2026-09-09T09:49:00Z,102.4
e00883,station-south-02,2026-09-09T09:49:00Z,57.4
e00884,station-west-01,2026-09-09T09:49:00Z,105.6
e00885,station-west-02,2026-09-09T09:49:00Z,91.5
e00886,station-east-01,2026-09-09T09:50:00Z,22.4
e00887,station-east-02,2026-09-09T09:50:00Z,0.0
e00888,station-north-01,2026-09-09T09:50:00Z,22.0
e00889,station-north-02,2026-09-09T09:50:00Z,54.5
e00890,station-south-01,2026-09-09T09:50:00Z,99.2
e00891,station-south-02,2026-09-09T09:50:00Z,18.0
e00892,station-west-01,2026-09-09T09:50:00Z,72.0
e00893,station-west-02,2026-09-09T09:50:00Z,60.0
e00894,station-east-01,2026-09-09T09:51:00Z,26.5
e00895,station-east-02,2026-09-09T09:51:00Z,84.3
e00896,station-north-01,2026-09-09T09:51:00Z,41.9
e00897,station-north-02,2026-09-09T09:51:00Z,66.3
e00898,station-south-01,2026-09-09T09:51:00Z,100.1
e00899,station-south-02,2026-09-09T09:51:00Z,63.7
e00900,station-west-01,2026-09-09T09:51:00Z,123.2
e00901,station-west-02,2026-09-09T09:51:00Z,93.6
e00902,station-east-01,2026-09-09T09:52:00Z,25.4
e00903,station-east-02,2026-09-09T09:52:00Z,54.6
e00904,station-north-01,2026-09-09T09:52:00Z,33.2
e00905,station-north-02,2026-09-09T09:52:00Z,56.7
e00906,station-south-01,2026-09-09T09:52:00Z,102.1
e00907,station-south-02,2026-09-09T09:52:00Z,62.4
e00908,station-west-01,2026-09-09T09:52:00Z,121.6
e00909,station-west-02,2026-09-09T09:52:00Z,92.7
e00910,station-east-01,2026-09-09T09:53:00Z,28.0
e00911,station-east-02,2026-09-09T09:53:00Z,80.2
e00912,station-north-01,2026-09-09T09:53:00Z,46.0
e00913,station-north-02,2026-09-09T09:53:00Z,49.3
e00914,station-south-01,2026-09-09T09:53:00Z,96.1
e00915,station-south-02,2026-09-09T09:53:00Z,70.0
e00916,station-west-01,2026-09-09T09:53:00Z,134.6
e00917,station-west-02,2026-09-09T09:53:00Z,84.8
e00918,station-east-01,2026-09-09T09:54:00Z,24.9
e00919,station-east-02,2026-09-09T09:54:00Z,66.1
e00920,station-north-01,2026-09-09T09:54:00Z,40.5
e00921,station-north-02,2026-09-09T09:54:00Z,43.8
e00922,station-south-01,2026-09-09T09:54:00Z,98.1
e00923,station-south-02,2026-09-09T09:54:00Z,59.9
e00924,station-west-01,2026-09-09T09:54:00Z,130.1
e00925,station-west-02,2026-09-09T09:54:00Z,89.8
e00926,station-east-01,2026-09-09T09:55:00Z,23.0
e00927,station-east-02,2026-09-09T09:55:00Z,55.1
e00928,station-north-01,2026-09-09T09:55:00Z,43.3
e00929,station-north-02,2026-09-09T09:55:00Z,62.9
e00930,station-south-01,2026-09-09T09:55:00Z,99.6
e00931,station-south-02,2026-09-09T09:55:00Z,53.9
e00932,station-west-01,2026-09-09T09:55:00Z,129.1
e00933,station-west-02,2026-09-09T09:55:00Z,82.5
e00934,station-east-01,2026-09-09T09:56:00Z,26.6
e00935,station-east-02,2026-09-09T09:56:00Z,62.9
e00936,station-north-01,2026-09-09T09:56:00Z,40.7
e00937,station-north-02,2026-09-09T09:56:00Z,65.1
e00938,station-south-01,2026-09-09T09:56:00Z,99.8
e00939,station-south-02,2026-09-09T09:56:00Z,64.0
e00940,station-west-01,2026-09-09T09:56:00Z,121.3
e00941,station-west-02,2026-09-09T09:56:00Z,89.3
e00942,station-east-01,2026-09-09T09:57:00Z,22.3
e00943,station-east-02,2026-09-09T09:57:00Z,62.2
e00944,station-north-01,2026-09-09T09:57:00Z,40.3
e00945,station-north-02,2026-09-09T09:57:00Z,56.3
e00946,station-south-01,2026-09-09T09:57:00Z,106.9
e00947,station-south-02,2026-09-09T09:57:00Z,53.7
e00948,station-west-01,2026-09-09T09:57:00Z,120.4
e00949,station-west-02,2026-09-09T09:57:00Z,79.5
e00950,station-east-01,2026-09-09T09:58:00Z,25.6
e00951,station-east-02,2026-09-09T09:58:00Z,55.3
e00952,station-north-01,2026-09-09T09:58:00Z,36.0
e00953,station-north-02,2026-09-09T09:58:00Z,56.9
e00954,station-south-01,2026-09-09T09:58:00Z,97.5
e00955,station-south-02,2026-09-09T09:58:00Z,57.7
e00956,station-west-01,2026-09-09T09:58:00Z,118.7
e00957,station-west-02,2026-09-09T09:58:00Z,86.2
e00958,station-east-01,2026-09-09T09:59:00Z,19.8
e00959,station-east-02,2026-09-09T09:59:00Z,82.6
e00960,station-north-01,2026-09-09T09:59:00Z,38.8
e00961,station-north-02,2026-09-09T09:59:00Z,58.4
e00962,station-south-01,2026-09-09T09:59:00Z,104.7
e00963,station-south-02,2026-09-09T09:59:00Z,50.4
e00964,station-west-01,2026-09-09T09:59:00Z,107.2
e00965,station-west-02,2026-09-09T09:59:00Z,94.4
e00966,station-east-01,2026-09-09T10:00:00Z,24.3
e00967,station-east-02,2026-09-09T10:00:00Z,71.3
e00968,station-east-02,2026-13-45T99:00:00Z,69.1
e00969,station-north-01,2026-09-09T10:00:00Z,33.4
e00970,station-north-02,2026-09-09T10:00:00Z,50.1
e00971,station-south-01,2026-09-09T10:00:00Z,88.2
e00972,station-south-02,2026-09-09T10:00:00Z,58.8
e00973,station-west-01,2026-09-09T10:00:00Z,121.7
e00974,station-west-02,2026-09-09T10:00:00Z,89.2
e00975,station-east-01,2026-09-09T10:01:00Z,25.1
e00976,station-east-02,2026-09-09T10:01:00Z,76.4
e00977,station-north-01,2026-09-09T10:01:00Z,39.5
e00978,station-north-02,2026-09-09T10:01:00Z,61.8
e00979,station-south-01,2026-09-09T10:01:00Z,105.7
e00980,station-south-02,2026-09-09T10:01:00Z,65.6
e00981,station-west-01,2026-09-09T10:01:00Z,112.5
e00982,station-west-02,2026-09-09T10:01:00Z,81.8
e00983,station-east-01,2026-09-09T10:02:00Z,23.1
e00984,station-east-02,2026-09-09T10:02:00Z,77.3
e00985,station-north-01,2026-09-09T10:02:00Z,44.7
e00986,station-north-02,2026-09-09T10:02:00Z,51.9
e00987,station-south-01,2026-09-09T10:02:00Z,102.4
e00988,station-south-02,2026-09-09T10:02:00Z,52.9
e00989,station-west-01,2026-09-09T10:02:00Z,114.8
e00990,station-west-02,2026-09-09T10:02:00Z,91.0
e00991,station-east-01,2026-09-09T10:03:00Z,26.3
e00992,station-east-02,2026-09-09T10:03:00Z,64.6
e00993,station-north-01,2026-09-09T10:03:00Z,34.3
e00994,station-north-02,2026-09-09T10:03:00Z,61.6
e00995,station-south-01,2026-09-09T10:03:00Z,102.3
e00996,station-south-02,2026-09-09T10:03:00Z,66.8
e00997,station-west-01,2026-09-09T10:03:00Z,108.0
e00998,station-west-02,2026-09-09T10:03:00Z,88.2
e00999,station-east-01,2026-09-09T10:04:00Z,25.4
e01000,station-east-02,2026-09-09T10:04:00Z,77.8
e01001,station-north-01,2026-09-09T10:04:00Z,37.9
e01002,station-north-02,2026-09-09T10:04:00Z,41.6
e01003,station-south-01,2026-09-09T10:04:00Z,96.8
e01004,station-south-02,2026-09-09T10:04:00Z,56.9
e01005,station-west-01,2026-09-09T10:04:00Z,120.5
e01006,station-west-02,2026-09-09T10:04:00Z,86.2
e01007,station-east-01,2026-09-09T10:05:00Z,24.1
e01008,station-east-02,2026-09-09T10:05:00Z,83.5
e01009,station-north-01,2026-09-09T10:05:00Z,38.9
e01010,station-north-02,2026-09-09T10:05:00Z,53.9
e01011,station-south-01,2026-09-09T10:05:00Z,100.8
e01012,station-south-02,2026-09-09T10:05:00Z,47.3
e01013,station-west-01,2026-09-09T10:05:00Z,124.1
e01014,station-west-02,2026-09-09T10:05:00Z,82.3
e01015,station-east-01,2026-09-09T10:06:00Z,24.4
e01016,station-east-02,2026-09-09T10:06:00Z,73.8
e01017,station-north-01,2026-09-09T10:06:00Z,43.5
e01018,station-north-02,2026-09-09T10:06:00Z,50.8
e01019,station-south-01,2026-09-09T10:06:00Z,100.1
e01020,station-south-02,2026-09-09T10:06:00Z,55.6
e01021,station-west-01,2026-09-09T10:06:00Z,126.3
e01022,station-west-02,2026-09-09T10:06:00Z,85.2
e01023,station-east-01,2026-09-09T10:07:00Z,27.6
e01024,station-east-02,2026-09-09T10:07:00Z,78.2
e01025,station-north-01,2026-09-09T10:07:00Z,43.7
e01026,station-north-02,2026-09-09T10:07:00Z,52.7
e01027,station-south-01,2026-09-09T10:07:00Z,99.0
e01028,station-south-02,2026-09-09T10:07:00Z,59.3
e01029,station-west-01,2026-09-09T10:07:00Z,122.5
e01030,station-west-02,2026-09-09T10:07:00Z,85.2
e01031,station-east-01,2026-09-09T10:08:00Z,22.6
e01032,station-east-02,2026-09-09T10:08:00Z,71.3
e01033,station-north-01,2026-09-09T10:08:00Z,40.2
e01034,station-north-02,2026-09-09T10:08:00Z,49.9
e01035,station-south-01,2026-09-09T10:08:00Z,99.1
e01036,station-south-02,2026-09-09T10:08:00Z,63.5
e01037,station-west-01,2026-09-09T10:08:00Z,120.9
e01038,station-west-02,2026-09-09T10:08:00Z,88.4
e01039,station-east-01,2026-09-09T10:09:00Z,26.1
e01040,station-east-02,2026-09-09T10:09:00Z,84.4
e01041,station-north-01,2026-09-09T10:09:00Z,40.3
e01042,station-north-02,2026-09-09T10:09:00Z,49.3
e01043,station-south-01,2026-09-09T10:09:00Z,96.3
e01044,station-south-02,2026-09-09T10:09:00Z,54.8
e01045,station-west-01,2026-09-09T10:09:00Z,114.3
e01046,station-west-02,2026-09-09T10:09:00Z,94.4
e01047,station-east-01,2026-09-09T10:10:00Z,22.6
e01048,station-east-02,2026-09-09T10:10:00Z,77.3
e01049,station-north-01,2026-09-09T10:10:00Z,39.5
e01050,station-north-02,2026-09-09T10:10:00Z,51.8
e01051,station-south-01,2026-09-09T10:10:00Z,101.5
e01052,station-south-02,2026-09-09T10:10:00Z,55.1
e01053,station-west-01,2026-09-09T10:10:00Z,125.9
e01054,station-west-02,2026-09-09T10:10:00Z,90.1
e01055,station-east-01,2026-09-09T10:11:00Z,24.2
e01056,station-east-02,2026-09-09T10:11:00Z,52.8
e01057,station-north-01,2026-09-09T10:11:00Z,38.5
e01058,station-north-02,2026-09-09T10:11:00Z,64.1
e01059,station-south-01,2026-09-09T10:11:00Z,102.6
e01060,station-south-02,2026-09-09T10:11:00Z,50.8
e01061,station-west-01,2026-09-09T10:11:00Z,110.0
e01062,station-west-02,2026-09-09T10:11:00Z,90.6
e01063,station-east-01,2026-09-09T10:12:00Z,21.7
e01064,station-east-02,2026-09-09T10:12:00Z,74.5
e01065,station-north-01,2026-09-09T10:12:00Z,38.6
e01066,station-north-02,2026-09-09T10:12:00Z,72.6
e01067,station-south-01,2026-09-09T10:12:00Z,100.1
e01068,station-south-02,2026-09-09T10:12:00Z,69.9
e01069,station-west-01,2026-09-09T10:12:00Z,126.1
e01070,station-west-02,2026-09-09T10:12:00Z,91.7
e01071,station-east-01,2026-09-09T10:13:00Z,25.9
e01072,station-east-02,2026-09-09T10:13:00Z,82.5
e01073,station-north-01,2026-09-09T10:13:00Z,38.6
e01074,station-north-02,2026-09-09T10:13:00Z,56.0
e01075,station-south-01,2026-09-09T10:13:00Z,90.2
e01076,station-south-02,2026-09-09T10:13:00Z,63.7
e01077,station-west-01,2026-09-09T10:13:00Z,118.2
e01078,station-west-02,2026-09-09T10:13:00Z,90.8
e01079,station-east-01,2026-09-09T10:14:00Z,26.6
e01080,station-east-02,2026-09-09T10:14:00Z,78.1
e01081,station-north-01,2026-09-09T10:14:00Z,39.5
e01082,station-north-02,2026-09-09T10:14:00Z,56.5
e01083,station-south-01,2026-09-09T10:14:00Z,101.9
e01084,station-south-02,2026-09-09T10:14:00Z,72.7
e01085,station-west-01,2026-09-09T10:14:00Z,133.7
e01086,station-west-02,2026-09-09T10:14:00Z,96.2
e01087,station-east-01,2026-09-09T10:15:00Z,23.5
e01088,station-east-02,2026-09-09T10:15:00Z,77.1
e01089,station-north-01,2026-09-09T10:15:00Z,40.2
e01090,station-north-02,2026-09-09T10:15:00Z,53.5
e01091,station-south-01,2026-09-09T10:15:00Z,97.2
e01092,station-south-02,2026-09-09T10:15:00Z,62.9
e01093,station-west-01,2026-09-09T10:15:00Z,117.5
e01094,station-west-02,2026-09-09T10:15:00Z,89.9
e01095,station-east-01,2026-09-09T10:16:00Z,23.5
e01096,station-east-02,2026-09-09T10:16:00Z,68.9
e01097,station-north-01,2026-09-09T10:16:00Z,38.1
e01098,station-north-02,2026-09-09T10:16:00Z,54.2
e01099,station-south-01,2026-09-09T10:16:00Z,93.1
e01100,station-south-02,2026-09-09T10:16:00Z,76.8
e01101,station-west-01,2026-09-09T10:16:00Z,126.1
e01102,station-west-02,2026-09-09T10:16:00Z,95.0
e01103,station-east-01,2026-09-09T10:17:00Z,29.6
e01104,station-east-02,2026-09-09T10:17:00Z,48.0
e01105,station-north-01,2026-09-09T10:17:00Z,41.9
e01106,station-north-02,2026-09-09T10:17:00Z,51.9
e01107,station-south-01,2026-09-09T10:17:00Z,100.4
e01108,station-south-01,,99.5
e01109,station-south-02,2026-09-09T10:17:00Z,59.7
e01110,station-west-01,2026-09-09T10:17:00Z,121.9
e01111,station-west-02,2026-09-09T10:17:00Z,87.6
e01112,station-east-01,2026-09-09T10:18:00Z,23.5
e01113,station-east-02,2026-09-09T10:18:00Z,54.3
e01114,station-north-01,2026-09-09T10:18:00Z,39.9
e01115,station-north-02,2026-09-09T10:18:00Z,61.6
e01116,station-south-01,2026-09-09T10:18:00Z,99.6
e01117,station-south-02,2026-09-09T10:18:00Z,62.1
e01118,station-west-01,2026-09-09T10:18:00Z,125.4
e01119,station-west-02,2026-09-09T10:18:00Z,86.0
e01120,station-east-01,2026-09-09T10:19:00Z,26.1
e01121,station-east-02,2026-09-09T10:19:00Z,71.9
e01122,station-north-01,2026-09-09T10:19:00Z,41.6
e01123,station-north-02,2026-09-09T10:19:00Z,54.6
e01124,station-south-01,2026-09-09T10:19:00Z,96.5
e01125,station-south-02,2026-09-09T10:19:00Z,63.1
e01126,station-west-01,2026-09-09T10:19:00Z,124.8
e01127,station-west-02,2026-09-09T10:19:00Z,82.9
e01128,station-east-01,2026-09-09T10:20:00Z,32.8
e01129,station-east-02,2026-09-09T10:20:00Z,116.8
e01130,station-north-01,2026-09-09T10:20:00Z,51.7
e01131,station-north-02,2026-09-09T10:20:00Z,78.4
e01132,station-south-01,2026-09-09T10:20:00Z,115.6
e01133,station-south-02,2026-09-09T10:20:00Z,87.3
e01134,station-west-01,2026-09-09T10:20:00Z,151.2
e01135,station-west-02,2026-09-09T10:20:00Z,109.5
e01136,station-east-01,2026-09-09T10:21:00Z,24.2
e01137,station-east-02,2026-09-09T10:21:00Z,68.7
e01138,station-north-01,2026-09-09T10:21:00Z,37.9
e01139,station-north-02,2026-09-09T10:21:00Z,50.4
e01140,station-south-01,2026-09-09T10:21:00Z,98.7
e01141,station-south-02,2026-09-09T10:21:00Z,60.5
e01142,station-west-01,2026-09-09T10:21:00Z,109.3
e01143,station-west-02,2026-09-09T10:21:00Z,92.0
e01144,station-east-01,2026-09-09T10:22:00Z,24.1
e01145,station-east-02,2026-09-09T10:22:00Z,78.6
e01146,station-north-01,2026-09-09T10:22:00Z,40.3
e01147,station-north-02,2026-09-09T10:22:00Z,54.2
e01148,station-south-01,2026-09-09T10:22:00Z,104.2
e01149,station-south-02,2026-09-09T10:22:00Z,48.1
e01150,station-west-01,2026-09-09T10:22:00Z,124.4
e01151,station-west-02,2026-09-09T10:22:00Z,91.7
e01152,station-east-01,2026-09-09T10:23:00Z,27.6
e01153,station-east-02,2026-09-09T10:23:00Z,66.0
e01154,station-north-01,2026-09-09T10:23:00Z,40.9
e01155,station-north-02,2026-09-09T10:23:00Z,53.8
e01156,station-south-01,2026-09-09T10:23:00Z,107.7
e01157,station-south-02,2026-09-09T10:23:00Z,61.2
e01158,station-west-01,2026-09-09T10:23:00Z,114.6
e01159,station-west-02,2026-09-09T10:23:00Z,91.1
e01160,station-east-01,2026-09-09T10:24:00Z,25.6
e01161,station-east-02,2026-09-09T10:24:00Z,67.2
e01162,station-north-01,2026-09-09T10:24:00Z,39.5
e01163,station-north-02,2026-09-09T10:24:00Z,56.4
e01164,station-south-01,2026-09-09T10:24:00Z,105.1
e01165,station-south-02,2026-09-09T10:24:00Z,49.9
e01166,station-west-01,2026-09-09T10:24:00Z,111.8
e01167,station-west-02,2026-09-09T10:24:00Z,89.0
e01168,station-east-01,2026-09-09T10:25:00Z,24.0
e01169,station-east-02,2026-09-09T10:25:00Z,63.2
e01170,station-north-01,2026-09-09T10:25:00Z,44.6
e01171,station-north-02,2026-09-09T10:25:00Z,50.5
e01172,station-south-01,2026-09-09T10:25:00Z,101.8
e01173,station-south-02,2026-09-09T10:25:00Z,66.6
e01174,station-west-01,2026-09-09T10:25:00Z,115.3
e01175,station-west-02,2026-09-09T10:25:00Z,100.3
e01176,station-east-01,2026-09-09T10:26:00Z,24.7
e01177,station-east-02,2026-09-09T10:26:00Z,65.1
e01178,station-north-01,2026-09-09T10:26:00Z,39.4
e01179,station-north-02,2026-09-09T10:26:00Z,58.0
e01180,station-south-01,2026-09-09T10:26:00Z,98.0
e01181,station-south-02,2026-09-09T10:26:00Z,48.2
e01182,station-west-01,2026-09-09T10:26:00Z,126.5
e01183,station-west-02,2026-09-09T10:26:00Z,90.2
e01184,station-east-01,2026-09-09T10:27:00Z,24.6
e01185,station-east-02,2026-09-09T10:27:00Z,61.2
e01186,station-north-01,2026-09-09T10:27:00Z,44.3
e01187,station-north-02,2026-09-09T10:27:00Z,60.7
e01188,station-south-01,2026-09-09T10:27:00Z,106.4
e01189,station-south-02,2026-09-09T10:27:00Z,55.2
e01190,station-west-01,2026-09-09T10:27:00Z,120.8
e01191,station-west-02,2026-09-09T10:27:00Z,87.3
e01192,station-east-01,2026-09-09T10:28:00Z,26.4
e01193,station-east-02,2026-09-09T10:28:00Z,65.6
e01194,station-north-01,2026-09-09T10:28:00Z,44.2
e01195,station-north-02,2026-09-09T10:28:00Z,53.2
e01196,station-south-01,2026-09-09T10:28:00Z,103.7
e01197,station-south-02,2026-09-09T10:28:00Z,43.4
e01198,station-west-01,2026-09-09T10:28:00Z,110.5
e01199,station-west-02,2026-09-09T10:28:00Z,89.0
e01200,station-east-01,2026-09-09T10:29:00Z,27.3
e01201,station-east-02,2026-09-09T10:29:00Z,76.1
e01202,station-north-01,2026-09-09T10:29:00Z,42.1
e01203,station-north-02,2026-09-09T10:29:00Z,55.0
e01204,station-south-01,2026-09-09T10:29:00Z,98.3
e01205,station-south-02,2026-09-09T10:29:00Z,57.0
e01206,station-west-01,2026-09-09T10:29:00Z,119.8
e01207,station-west-02,2026-09-09T10:29:00Z,94.6
e01208,station-east-01,2026-09-09T10:30:00Z,22.5
e01209,station-east-02,2026-09-09T10:30:00Z,99.4
e01210,station-north-01,2026-09-09T10:30:00Z,41.3
e01211,station-north-02,2026-09-09T10:30:00Z,57.9
e01212,station-south-01,2026-09-09T10:30:00Z,99.2
e01213,station-south-02,2026-09-09T10:30:00Z,60.0
e01214,station-west-01,2026-09-09T10:30:00Z,118.6
e01215,station-west-02,2026-09-09T10:30:00Z,90.7
e01216,station-east-01,2026-09-09T10:31:00Z,27.8
e01217,station-east-02,2026-09-09T10:31:00Z,66.4
e01218,station-north-01,2026-09-09T10:31:00Z,41.7
e01219,station-north-02,2026-09-09T10:31:00Z,60.1
e01220,station-south-01,2026-09-09T10:31:00Z,93.0
e01221,station-south-02,2026-09-09T10:31:00Z,60.9
e01222,station-west-01,2026-09-09T10:31:00Z,113.4
e01223,station-west-02,2026-09-09T10:31:00Z,94.4
e01224,station-east-01,2026-09-09T10:32:00Z,22.6
e01225,station-east-02,2026-09-09T10:32:00Z,73.4
e01226,station-north-01,2026-09-09T10:32:00Z,39.6
e01227,station-north-02,2026-09-09T10:32:00Z,46.0
e01228,station-south-01,2026-09-09T10:32:00Z,101.9
e01229,station-south-02,2026-09-09T10:32:00Z,67.6
e01230,station-west-01,2026-09-09T10:32:00Z,137.8
e01231,station-west-02,2026-09-09T10:32:00Z,83.5
e01232,station-east-01,2026-09-09T10:33:00Z,29.0
e01233,station-east-02,2026-09-09T10:33:00Z,83.9
e01234,station-north-01,2026-09-09T10:33:00Z,36.6
e01235,station-north-02,2026-09-09T10:33:00Z,52.4
e01236,station-south-01,2026-09-09T10:33:00Z,101.7
e01237,station-south-02,2026-09-09T10:33:00Z,62.7
e01238,station-west-01,2026-09-09T10:33:00Z,118.0
e01239,station-west-02,2026-09-09T10:33:00Z,95.8
e01240,station-east-01,2026-09-09T10:34:00Z,25.1
e01241,station-east-02,2026-09-09T10:34:00Z,68.5
e01242,station-north-01,2026-09-09T10:34:00Z,38.4
e01243,station-north-02,2026-09-09T10:34:00Z,62.4
e01244,station-south-01,2026-09-09T10:34:00Z,98.6
e01245,station-south-02,2026-09-09T10:34:00Z,49.8
e01246,station-west-01,2026-09-09T10:34:00Z,118.7
e01247,station-west-02,2026-09-09T10:34:00Z,93.2
e01248,station-west-02,2026-09-09T10:34:00Z,N/A
e01249,station-east-01,2026-09-09T10:35:00Z,27.1
e01250,station-east-02,2026-09-09T10:35:00Z,71.0
e01251,station-north-01,2026-09-09T10:35:00Z,38.1
e01252,station-north-02,2026-09-09T10:35:00Z,63.4
e01253,station-south-01,2026-09-09T10:35:00Z,92.9
e01254,station-south-02,2026-09-09T10:35:00Z,65.2
e01255,station-west-01,2026-09-09T10:35:00Z,124.1
e01256,station-west-02,2026-09-09T10:35:00Z,89.1
e01257,station-east-01,2026-09-09T10:36:00Z,25.8
e01258,station-east-02,2026-09-09T10:36:00Z,91.0
e01259,station-north-01,2026-09-09T10:36:00Z,38.8
e01260,station-north-02,2026-09-09T10:36:00Z,43.3
e01261,station-south-01,2026-09-09T10:36:00Z,93.9
e01262,station-south-02,2026-09-09T10:36:00Z,63.5
e01263,station-west-01,2026-09-09T10:36:00Z,121.3
e01264,station-west-02,2026-09-09T10:36:00Z,88.6
e01265,station-east-01,2026-09-09T10:37:00Z,21.1
e01266,station-east-02,2026-09-09T10:37:00Z,65.6
e01267,station-north-01,2026-09-09T10:37:00Z,37.8
e01268,station-north-02,2026-09-09T10:37:00Z,69.2
e01269,station-south-01,2026-09-09T10:37:00Z,99.1
e01270,station-south-02,2026-09-09T10:37:00Z,66.3
e01271,station-west-01,2026-09-09T10:37:00Z,127.3
e01272,station-west-02,2026-09-09T10:37:00Z,87.0
e01273,station-east-01,2026-09-09T10:38:00Z,24.2
e01274,station-east-02,2026-09-09T10:38:00Z,84.4
e01275,station-north-01,2026-09-09T10:38:00Z,36.8
e01276,station-north-02,2026-09-09T10:38:00Z,50.5
e01277,station-south-01,2026-09-09T10:38:00Z,100.2
e01278,station-south-02,2026-09-09T10:38:00Z,43.1
e01279,station-west-01,2026-09-09T10:38:00Z,111.5
e01280,station-west-02,2026-09-09T10:38:00Z,99.6
e01281,station-east-01,2026-09-09T10:39:00Z,28.0
e01282,station-east-02,2026-09-09T10:39:00Z,76.8
e01283,station-north-01,2026-09-09T10:39:00Z,40.4
e01284,station-north-02,2026-09-09T10:39:00Z,59.7
e01285,station-south-01,2026-09-09T10:39:00Z,101.9
e01286,station-south-02,2026-09-09T10:39:00Z,54.1
e01287,station-west-01,2026-09-09T10:39:00Z,121.1
e01288,station-west-02,2026-09-09T10:39:00Z,88.4
e01289,station-east-01,2026-09-09T10:40:00Z,23.8
e01290,station-east-02,2026-09-09T10:40:00Z,81.3
e01291,station-north-01,2026-09-09T10:40:00Z,44.3
e01292,station-north-02,2026-09-09T10:40:00Z,53.4
e01293,station-south-01,2026-09-09T10:40:00Z,100.5
e01294,station-south-02,2026-09-09T10:40:00Z,60.5
e01295,station-west-01,2026-09-09T10:40:00Z,110.0
e01296,station-west-02,2026-09-09T10:40:00Z,85.9
e01297,station-east-01,2026-09-09T10:41:00Z,26.2
e01298,station-east-02,2026-09-09T10:41:00Z,70.8
e01299,station-north-01,2026-09-09T10:41:00Z,37.4
e01300,station-north-02,2026-09-09T10:41:00Z,56.9
e01301,station-south-01,2026-09-09T10:41:00Z,98.2
e01302,station-south-02,2026-09-09T10:41:00Z,49.7
e01303,station-west-01,2026-09-09T10:41:00Z,112.1
e01304,station-west-02,2026-09-09T10:41:00Z,82.9
e01305,station-east-01,2026-09-09T10:42:00Z,21.8
e01306,station-east-02,2026-09-09T10:42:00Z,70.8
e01307,station-north-01,2026-09-09T10:42:00Z,34.5
e01308,station-north-02,2026-09-09T10:42:00Z,62.2
e01309,station-south-01,2026-09-09T10:42:00Z,97.9
e01310,station-south-02,2026-09-09T10:42:00Z,51.2
e01311,station-west-01,2026-09-09T10:42:00Z,124.2
e01312,station-west-02,2026-09-09T10:42:00Z,89.2
e01313,station-east-01,2026-09-09T10:43:00Z,23.6
e01314,station-east-02,2026-09-09T10:43:00Z,77.1
e01315,station-north-01,2026-09-09T10:43:00Z,38.3
e01316,station-north-02,2026-09-09T10:43:00Z,51.5
e01317,station-south-01,2026-09-09T10:43:00Z,100.5
e01318,station-south-02,2026-09-09T10:43:00Z,74.3
e01319,station-west-01,2026-09-09T10:43:00Z,120.3
e01320,station-west-02,2026-09-09T10:43:00Z,91.4
e01321,station-east-01,2026-09-09T10:44:00Z,26.1
e01322,station-east-02,2026-09-09T10:44:00Z,85.4
e01323,station-north-01,2026-09-09T10:44:00Z,36.3
e01324,station-north-02,2026-09-09T10:44:00Z,55.1
e01325,station-south-01,2026-09-09T10:44:00Z,96.5
e01326,station-south-02,2026-09-09T10:44:00Z,50.0
e01327,station-west-01,2026-09-09T10:44:00Z,111.3
e01328,station-west-02,2026-09-09T10:44:00Z,89.4
e01329,station-east-01,2026-09-09T10:45:00Z,26.2
e01330,station-east-02,2026-09-09T10:45:00Z,102.0
e01331,station-north-01,2026-09-09T10:45:00Z,36.9
e01332,station-north-02,2026-09-09T10:45:00Z,51.5
e01333,station-south-01,2026-09-09T10:45:00Z,94.5
e01334,station-south-02,2026-09-09T10:45:00Z,53.4
e01335,station-west-01,2026-09-09T10:45:00Z,123.5
e01336,station-west-02,2026-09-09T10:45:00Z,89.2
e01337,station-east-01,2026-09-09T10:46:00Z,23.6
e01338,station-east-02,2026-09-09T10:46:00Z,69.1
e01339,station-north-01,2026-09-09T10:46:00Z,36.1
e01340,station-north-02,2026-09-09T10:46:00Z,50.1
e01341,station-south-01,2026-09-09T10:46:00Z,107.9
e01342,station-south-02,2026-09-09T10:46:00Z,65.4
e01343,station-west-01,2026-09-09T10:46:00Z,119.6
e01344,station-west-02,2026-09-09T10:46:00Z,101.7
e01345,station-east-01,2026-09-09T10:47:00Z,25.5
e01346,station-east-02,2026-09-09T10:47:00Z,41.8
e01347,station-north-01,2026-09-09T10:47:00Z,39.6
e01348,station-north-02,2026-09-09T10:47:00Z,55.4
e01349,station-south-01,2026-09-09T10:47:00Z,95.9
e01350,station-south-02,2026-09-09T10:47:00Z,56.2
e01351,station-west-01,2026-09-09T10:47:00Z,106.7
e01352,station-west-02,2026-09-09T10:47:00Z,82.3
e01353,station-east-01,2026-09-09T10:48:00Z,25.9
e01354,station-east-02,2026-09-09T10:48:00Z,76.6
e01355,station-north-01,2026-09-09T10:48:00Z,41.6
e01356,station-north-02,2026-09-09T10:48:00Z,54.2
e01357,station-south-01,2026-09-09T10:48:00Z,93.7
e01358,station-south-02,2026-09-09T10:48:00Z,68.3
e01359,station-west-01,2026-09-09T10:48:00Z,111.5
e01360,station-west-02,2026-09-09T10:48:00Z,91.1
e01361,station-east-01,2026-09-09T10:49:00Z,26.3
e01362,station-east-02,2026-09-09T10:49:00Z,79.9
e01363,station-north-01,2026-09-09T10:49:00Z,46.8
e01364,station-north-02,2026-09-09T10:49:00Z,61.0
e01365,station-south-01,2026-09-09T10:49:00Z,102.2
e01366,station-south-02,2026-09-09T10:49:00Z,58.8
e01367,station-west-01,2026-09-09T10:49:00Z,127.7
e01368,station-west-02,2026-09-09T10:49:00Z,86.8
e01369,station-east-01,2026-09-09T10:50:00Z,25.4
e01370,station-east-02,2026-09-09T10:50:00Z,76.7
e01371,station-north-01,2026-09-09T10:50:00Z,59.3
e01372,station-north-02,2026-09-09T10:50:00Z,93.7
e01373,station-south-01,2026-09-09T10:50:00Z,125.2
e01374,station-south-02,2026-09-09T10:50:00Z,105.4
e01375,station-west-01,2026-09-09T10:50:00Z,172.4
e01376,station-west-02,2026-09-09T10:50:00Z,96.6
e01377,station-east-01,2026-09-09T10:51:00Z,23.7
e01378,station-east-01,2026-09-09T10:51:00Z,abc
e01379,station-east-02,2026-09-09T10:51:00Z,82.3
e01380,station-north-01,2026-09-09T10:51:00Z,58.6
e01381,station-north-02,2026-09-09T10:51:00Z,94.5
e01382,station-south-01,2026-09-09T10:51:00Z,126.2
e01383,station-south-02,2026-09-09T10:51:00Z,106.3
e01384,station-west-01,2026-09-09T10:51:00Z,172.9
e01385,station-west-02,2026-09-09T10:51:00Z,94.3
e01386,station-east-01,2026-09-09T10:52:00Z,22.6
e01387,station-east-02,2026-09-09T10:52:00Z,64.8
e01388,station-north-01,2026-09-09T10:52:00Z,59.8
e01389,station-north-02,2026-09-09T10:52:00Z,93.1
e01390,station-south-01,2026-09-09T10:52:00Z,125.3
e01391,station-south-02,2026-09-09T10:52:00Z,106.2
e01392,station-west-01,2026-09-09T10:52:00Z,171.6
e01393,station-west-02,2026-09-09T10:52:00Z,96.5
e01394,station-east-01,2026-09-09T10:53:00Z,24.3
e01395,station-east-02,2026-09-09T10:53:00Z,74.9
e01396,station-north-01,2026-09-09T10:53:00Z,58.7
e01397,station-north-02,2026-09-09T10:53:00Z,93.5
e01398,station-south-01,2026-09-09T10:53:00Z,126.5
e01399,station-south-02,2026-09-09T10:53:00Z,105.4
e01400,station-west-01,2026-09-09T10:53:00Z,171.2
e01401,station-west-02,2026-09-09T10:53:00Z,85.7
e01402,station-east-01,2026-09-09T10:54:00Z,23.1
e01403,station-east-02,2026-09-09T10:54:00Z,65.5
e01404,station-north-01,2026-09-09T10:54:00Z,60.3
e01405,station-north-02,2026-09-09T10:54:00Z,93.0
e01406,station-south-01,2026-09-09T10:54:00Z,126.8
e01407,station-south-02,2026-09-09T10:54:00Z,104.6
e01408,station-west-01,2026-09-09T10:54:00Z,172.6
e01409,station-west-02,2026-09-09T10:54:00Z,85.7
e01410,station-east-01,2026-09-09T10:55:00Z,19.4
e01411,station-east-02,2026-09-09T10:55:00Z,67.2
e01412,station-north-01,2026-09-09T10:55:00Z,43.9
e01413,station-north-02,2026-09-09T10:55:00Z,49.2
e01414,station-south-01,2026-09-09T10:55:00Z,111.9
e01415,station-south-02,2026-09-09T10:55:00Z,54.4
e01416,station-west-01,2026-09-09T10:55:00Z,121.6
e01417,station-west-02,2026-09-09T10:55:00Z,90.5
e01418,station-east-01,2026-09-09T10:56:00Z,21.1
e01419,station-east-02,2026-09-09T10:56:00Z,62.5
e01420,station-north-01,2026-09-09T10:56:00Z,38.0
e01421,station-north-02,2026-09-09T10:56:00Z,70.2
e01422,station-south-01,2026-09-09T10:56:00Z,101.4
e01423,station-south-02,2026-09-09T10:56:00Z,57.4
e01424,station-west-01,2026-09-09T10:56:00Z,105.0
e01425,station-west-02,2026-09-09T10:56:00Z,86.4
e01426,station-east-01,2026-09-09T10:57:00Z,25.5
e01427,station-east-02,2026-09-09T10:57:00Z,82.5
e01428,station-north-01,2026-09-09T10:57:00Z,33.8
e01429,station-north-02,2026-09-09T10:57:00Z,50.2
e01430,station-south-01,2026-09-09T10:57:00Z,101.6
e01431,station-south-02,2026-09-09T10:57:00Z,53.7
e01432,station-west-01,2026-09-09T10:57:00Z,112.2
e01433,station-west-02,2026-09-09T10:57:00Z,87.0
e01434,station-east-01,2026-09-09T10:58:00Z,28.5
e01435,station-east-02,2026-09-09T10:58:00Z,64.7
e01436,station-north-01,2026-09-09T10:58:00Z,41.7
e01437,station-north-02,2026-09-09T10:58:00Z,48.4
e01438,station-south-01,2026-09-09T10:58:00Z,99.0
e01439,station-south-02,2026-09-09T10:58:00Z,61.9
e01440,station-west-01,2026-09-09T10:58:00Z,120.3
e01441,station-west-02,2026-09-09T10:58:00Z,93.2
e01442,station-east-01,2026-09-09T10:59:00Z,23.6
e01443,station-east-02,2026-09-09T10:59:00Z,75.3
e01444,station-north-01,2026-09-09T10:59:00Z,38.6
e01445,station-north-02,2026-09-09T10:59:00Z,64.3
e01446,station-south-01,2026-09-09T10:59:00Z,97.9
e01447,station-south-02,2026-09-09T10:59:00Z,53.5
e01448,station-west-01,2026-09-09T10:59:00Z,120.1
e01449,station-west-02,2026-09-09T10:59:00Z,94.7
e01450,station-east-01,2026-09-09T11:00:00Z,27.0
e01451,station-east-02,2026-09-09T11:00:00Z,45.6
e01452,station-north-01,2026-09-09T11:00:00Z,44.1
e01453,station-north-02,2026-09-09T11:00:00Z,54.6
e01454,station-south-01,2026-09-09T11:00:00Z,102.9
e01455,station-south-02,2026-09-09T11:00:00Z,51.1
e01456,station-west-01,2026-09-09T11:00:00Z,113.0
e01457,station-west-02,2026-09-09T11:00:00Z,83.0
e01458,station-east-01,2026-09-09T11:01:00Z,26.8
e01459,station-east-02,2026-09-09T11:01:00Z,60.5
e01460,station-north-01,2026-09-09T11:01:00Z,39.6
e01461,station-north-02,2026-09-09T11:01:00Z,53.9
e01462,station-south-01,2026-09-09T11:01:00Z,105.6
e01463,station-south-02,2026-09-09T11:01:00Z,70.7
e01464,station-west-01,2026-09-09T11:01:00Z,141.0
e01465,station-west-02,2026-09-09T11:01:00Z,87.3
e01466,station-east-01,2026-09-09T11:02:00Z,22.2
e01467,station-east-02,2026-09-09T11:02:00Z,78.8
e01468,station-north-01,2026-09-09T11:02:00Z,39.5
e01469,station-north-02,2026-09-09T11:02:00Z,60.4
e01470,station-south-01,2026-09-09T11:02:00Z,97.6
e01471,station-south-02,2026-09-09T11:02:00Z,63.6
e01472,station-west-01,2026-09-09T11:02:00Z,114.3
e01473,station-west-02,2026-09-09T11:02:00Z,88.5
e01474,station-east-01,2026-09-09T11:03:00Z,24.1
e01475,station-east-02,2026-09-09T11:03:00Z,53.3
e01476,station-north-01,2026-09-09T11:03:00Z,36.4
e01477,station-north-02,2026-09-09T11:03:00Z,43.4
e01478,station-south-01,2026-09-09T11:03:00Z,97.2
e01479,station-south-02,2026-09-09T11:03:00Z,46.3
e01480,station-west-01,2026-09-09T11:03:00Z,128.4
e01481,station-west-02,2026-09-09T11:03:00Z,85.9
e01482,station-east-01,2026-09-09T11:04:00Z,23.3
e01483,station-east-02,2026-09-09T11:04:00Z,69.9
e01484,station-north-01,2026-09-09T11:04:00Z,39.9
e01485,station-north-02,2026-09-09T11:04:00Z,59.3
e01486,station-south-01,2026-09-09T11:04:00Z,102.1
e01487,station-south-02,2026-09-09T11:04:00Z,54.0
e01488,station-west-01,2026-09-09T11:04:00Z,122.1
e01489,station-west-02,2026-09-09T11:04:00Z,81.8
e01490,station-east-01,2026-09-09T11:05:00Z,24.0
e01491,station-east-02,2026-09-09T11:05:00Z,65.1
e01492,station-north-01,2026-09-09T11:05:00Z,43.5
e01493,station-north-02,2026-09-09T11:05:00Z,51.7
e01494,station-south-01,2026-09-09T11:05:00Z,102.1
e01495,station-south-02,2026-09-09T11:05:00Z,61.2
e01496,station-west-01,2026-09-09T11:05:00Z,129.3
e01497,station-west-02,2026-09-09T11:05:00Z,91.2
e01498,station-east-01,2026-09-09T11:06:00Z,22.1
e01499,station-east-02,2026-09-09T11:06:00Z,72.9
e01500,station-north-01,2026-09-09T11:06:00Z,37.6
e01501,station-north-02,2026-09-09T11:06:00Z,53.3
e01502,station-south-01,2026-09-09T11:06:00Z,101.6
e01503,station-south-02,2026-09-09T11:06:00Z,60.8
e01504,station-west-01,2026-09-09T11:06:00Z,120.6
e01505,station-west-02,2026-09-09T11:06:00Z,97.0
e01506,station-east-01,2026-09-09T11:07:00Z,26.8
e01507,station-east-02,2026-09-09T11:07:00Z,54.6
e01508,station-north-01,2026-09-09T11:07:00Z,40.6
e01509,station-north-02,2026-09-09T11:07:00Z,43.9
e01510,station-south-01,2026-09-09T11:07:00Z,101.6
e01511,station-south-02,2026-09-09T11:07:00Z,54.3
e01512,station-west-01,2026-09-09T11:07:00Z,113.0
e01513,station-west-02,2026-09-09T11:07:00Z,86.2
e01514,station-east-01,2026-09-09T11:08:00Z,23.0
e01515,station-east-02,2026-09-09T11:08:00Z,61.5
e01516,station-north-01,2026-09-09T11:08:00Z,38.2
e01517,station-north-02,2026-09-09T11:08:00Z,47.0
e01518,station-south-01,2026-09-09T11:08:00Z,109.6
e01519,station-south-02,2026-09-09T11:08:00Z,56.7
e01520,station-south-02,2026-09-09T11:08:00Z,
e01521,station-west-01,2026-09-09T11:08:00Z,129.4
e01522,station-west-02,2026-09-09T11:08:00Z,89.0
e01523,station-east-01,2026-09-09T11:09:00Z,24.7
e01524,station-east-02,2026-09-09T11:09:00Z,51.9
e01525,station-north-01,2026-09-09T11:09:00Z,42.7
e01526,station-north-02,2026-09-09T11:09:00Z,57.9
e01527,station-south-01,2026-09-09T11:09:00Z,100.9
e01528,station-south-02,2026-09-09T11:09:00Z,51.6
e01529,station-west-01,2026-09-09T11:09:00Z,125.3
e01530,station-west-02,2026-09-09T11:09:00Z,90.0
e01531,station-east-01,2026-09-09T11:10:00Z,23.3
e01532,station-east-02,2026-09-09T11:10:00Z,57.3
e01533,station-north-01,2026-09-09T11:10:00Z,39.8
e01534,station-north-02,2026-09-09T11:10:00Z,45.1
e01535,station-south-01,2026-09-09T11:10:00Z,98.1
e01536,station-south-02,2026-09-09T11:10:00Z,54.4
e01537,station-west-01,2026-09-09T11:10:00Z,121.8
e01538,station-west-02,2026-09-09T11:10:00Z,84.4
e01539,station-east-01,2026-09-09T11:11:00Z,23.1
e01540,station-east-02,2026-09-09T11:11:00Z,47.2
e01541,station-north-01,2026-09-09T11:11:00Z,41.6
e01542,station-north-02,2026-09-09T11:11:00Z,64.2
e01543,station-south-01,2026-09-09T11:11:00Z,94.9
e01544,station-south-02,2026-09-09T11:11:00Z,64.6
e01545,station-west-01,2026-09-09T11:11:00Z,120.9
e01546,station-west-02,2026-09-09T11:11:00Z,91.6
e01547,station-east-01,2026-09-09T11:12:00Z,26.4
e01548,station-east-02,2026-09-09T11:12:00Z,72.5
e01549,station-north-01,2026-09-09T11:12:00Z,40.9
e01550,station-north-02,2026-09-09T11:12:00Z,50.6
e01551,station-south-01,2026-09-09T11:12:00Z,95.3
e01552,station-south-02,2026-09-09T11:12:00Z,46.9
e01553,station-west-01,2026-09-09T11:12:00Z,124.1
e01554,station-west-02,2026-09-09T11:12:00Z,84.1
e01555,station-east-01,2026-09-09T11:13:00Z,21.2
e01556,station-east-02,2026-09-09T11:13:00Z,79.1
e01557,station-north-01,2026-09-09T11:13:00Z,37.3
e01558,station-north-02,2026-09-09T11:13:00Z,54.3
e01559,station-south-01,2026-09-09T11:13:00Z,98.9
e01560,station-south-02,2026-09-09T11:13:00Z,53.8
e01561,station-west-01,2026-09-09T11:13:00Z,126.1
e01562,station-west-02,2026-09-09T11:13:00Z,88.0
e01563,station-east-01,2026-09-09T11:14:00Z,24.3
e01564,station-east-02,2026-09-09T11:14:00Z,60.5
e01565,station-north-01,2026-09-09T11:14:00Z,36.5
e01566,station-north-02,2026-09-09T11:14:00Z,47.8
e01567,station-south-01,2026-09-09T11:14:00Z,108.1
e01568,station-south-02,2026-09-09T11:14:00Z,63.1
e01569,station-west-01,2026-09-09T11:14:00Z,130.6
e01570,station-west-02,2026-09-09T11:14:00Z,84.9
e01571,station-east-01,2026-09-09T11:15:00Z,29.0
e01572,station-east-02,2026-09-09T11:15:00Z,57.6
e01573,station-north-01,2026-09-09T11:15:00Z,43.9
e01574,station-north-02,2026-09-09T11:15:00Z,58.5
e01575,station-south-01,2026-09-09T11:15:00Z,104.0
e01576,station-south-02,2026-09-09T11:15:00Z,63.9
e01577,station-west-01,2026-09-09T11:15:00Z,137.6
e01578,station-west-02,2026-09-09T11:15:00Z,91.3
e01579,station-east-01,2026-09-09T11:16:00Z,25.6
e01580,station-east-02,2026-09-09T11:16:00Z,61.4
e01581,station-north-01,2026-09-09T11:16:00Z,39.0
e01582,station-north-02,2026-09-09T11:16:00Z,51.2
e01583,station-south-01,2026-09-09T11:16:00Z,99.5
e01584,station-south-02,2026-09-09T11:16:00Z,54.8
e01585,station-west-01,2026-09-09T11:16:00Z,114.6
e01586,station-west-02,2026-09-09T11:16:00Z,85.7
e01587,station-east-01,2026-09-09T11:17:00Z,26.0
e01588,station-east-02,2026-09-09T11:17:00Z,64.7
e01589,station-north-01,2026-09-09T11:17:00Z,36.9
e01590,station-north-02,2026-09-09T11:17:00Z,58.8
e01591,station-south-01,2026-09-09T11:17:00Z,104.9
e01592,station-south-02,2026-09-09T11:17:00Z,52.9
e01593,station-west-01,2026-09-09T11:17:00Z,107.5
e01594,station-west-02,2026-09-09T11:17:00Z,89.1
e01595,station-east-01,2026-09-09T11:18:00Z,24.0
e01596,station-east-02,2026-09-09T11:18:00Z,77.8
e01597,station-north-01,2026-09-09T11:18:00Z,38.0
e01598,station-north-02,2026-09-09T11:18:00Z,51.4
e01599,station-south-01,2026-09-09T11:18:00Z,92.6
e01600,station-south-02,2026-09-09T11:18:00Z,53.6
e01601,station-west-01,2026-09-09T11:18:00Z,117.1
e01602,station-west-02,2026-09-09T11:18:00Z,91.2
e01603,station-east-01,2026-09-09T11:19:00Z,27.0
e01604,station-east-02,2026-09-09T11:19:00Z,74.0
e01605,station-north-01,2026-09-09T11:19:00Z,45.0
e01606,station-north-02,2026-09-09T11:19:00Z,51.2
e01607,station-south-01,2026-09-09T11:19:00Z,105.2
e01608,station-south-02,2026-09-09T11:19:00Z,65.4
e01609,station-west-01,2026-09-09T11:19:00Z,113.6
e01610,station-west-02,2026-09-09T11:19:00Z,85.5
e01611,station-east-01,2026-09-09T11:20:00Z,25.0
e01612,station-east-02,2026-09-09T11:20:00Z,85.6
e01613,station-north-01,2026-09-09T11:20:00Z,40.3
e01614,station-north-02,2026-09-09T11:20:00Z,52.5
e01615,station-south-01,2026-09-09T11:20:00Z,95.4
e01616,station-south-02,2026-09-09T11:20:00Z,59.1
e01617,station-west-01,2026-09-09T11:20:00Z,121.3
e01618,station-west-02,2026-09-09T11:20:00Z,99.3
e01619,station-east-01,2026-09-09T11:21:00Z,25.0
e01620,station-east-02,2026-09-09T11:21:00Z,63.4
e01621,station-north-01,2026-09-09T11:21:00Z,43.3
e01622,station-north-02,2026-09-09T11:21:00Z,55.2
e01623,station-south-01,2026-09-09T11:21:00Z,94.1
e01624,station-south-02,2026-09-09T11:21:00Z,60.6
e01625,station-west-01,2026-09-09T11:21:00Z,120.2
e01626,station-west-02,2026-09-09T11:21:00Z,82.1
e01627,station-east-01,2026-09-09T11:22:00Z,25.0
e01628,station-east-02,2026-09-09T11:22:00Z,67.3
e01629,station-north-01,2026-09-09T11:22:00Z,33.1
e01630,station-north-02,2026-09-09T11:22:00Z,53.8
e01631,station-south-01,2026-09-09T11:22:00Z,101.1
e01632,station-south-02,2026-09-09T11:22:00Z,50.9
e01633,station-west-01,2026-09-09T11:22:00Z,124.8
e01634,station-west-02,2026-09-09T11:22:00Z,89.6
e01635,station-east-01,2026-09-09T11:23:00Z,25.0
e01636,station-east-02,2026-09-09T11:23:00Z,52.2
e01637,station-north-01,2026-09-09T11:23:00Z,46.9
e01638,station-north-02,2026-09-09T11:23:00Z,57.7
e01639,station-south-01,2026-09-09T11:23:00Z,103.0
e01640,station-south-02,2026-09-09T11:23:00Z,55.9
e01641,station-west-01,2026-09-09T11:23:00Z,126.0
e01642,station-west-02,2026-09-09T11:23:00Z,87.7
e01643,station-east-01,2026-09-09T11:24:00Z,25.0
e01644,station-east-02,2026-09-09T11:24:00Z,68.1
e01645,station-north-01,2026-09-09T11:24:00Z,40.3
e01646,station-north-02,2026-09-09T11:24:00Z,49.7
e01647,station-south-01,2026-09-09T11:24:00Z,100.1
e01648,station-south-02,2026-09-09T11:24:00Z,68.3
e01649,station-west-01,2026-09-09T11:24:00Z,106.8
e01650,station-west-02,2026-09-09T11:24:00Z,94.0
e01651,station-east-01,2026-09-09T11:25:00Z,25.0
e01652,station-east-02,2026-09-09T11:25:00Z,74.6
e01653,station-north-01,2026-09-09T11:25:00Z,44.0
e01654,station-north-01,2026-09-09T11:25:00Z,--
e01655,station-north-02,2026-09-09T11:25:00Z,55.6
e01656,station-south-01,2026-09-09T11:25:00Z,92.4
e01657,station-south-02,2026-09-09T11:25:00Z,63.1
e01658,station-west-01,2026-09-09T11:25:00Z,117.8
e01659,station-west-02,2026-09-09T11:25:00Z,81.0
e01660,station-east-01,2026-09-09T11:26:00Z,25.0
e01661,station-east-02,2026-09-09T11:26:00Z,55.4
e01662,station-north-01,2026-09-09T11:26:00Z,39.1
e01663,station-north-02,2026-09-09T11:26:00Z,53.9
e01664,station-south-01,2026-09-09T11:26:00Z,100.5
e01665,station-south-02,2026-09-09T11:26:00Z,59.8
e01666,station-west-01,2026-09-09T11:26:00Z,133.8
e01667,station-west-02,2026-09-09T11:26:00Z,97.9
e01668,station-east-01,2026-09-09T11:27:00Z,25.0
e01669,station-east-02,2026-09-09T11:27:00Z,62.4
e01670,station-north-01,2026-09-09T11:27:00Z,39.8
e01671,station-north-02,2026-09-09T11:27:00Z,56.0
e01672,station-south-01,2026-09-09T11:27:00Z,98.4
e01673,station-south-02,2026-09-09T11:27:00Z,63.2
e01674,station-west-01,2026-09-09T11:27:00Z,113.5
e01675,station-west-02,2026-09-09T11:27:00Z,92.2
e01676,station-east-01,2026-09-09T11:28:00Z,25.0
e01677,station-east-02,2026-09-09T11:28:00Z,61.2
e01678,station-north-01,2026-09-09T11:28:00Z,42.6
e01679,station-north-02,2026-09-09T11:28:00Z,59.1
e01680,station-south-01,2026-09-09T11:28:00Z,94.5
e01681,station-south-02,2026-09-09T11:28:00Z,56.8
e01682,station-west-01,2026-09-09T11:28:00Z,109.8
e01683,station-west-02,2026-09-09T11:28:00Z,90.2
e01684,station-east-01,2026-09-09T11:29:00Z,25.0
e01685,station-east-02,2026-09-09T11:29:00Z,76.1
e01686,station-north-01,2026-09-09T11:29:00Z,45.7
e01687,station-north-02,2026-09-09T11:29:00Z,54.7
e01688,station-south-01,2026-09-09T11:29:00Z,102.3
e01689,station-south-02,2026-09-09T11:29:00Z,69.8
e01690,station-west-01,2026-09-09T11:29:00Z,112.4
e01691,station-west-02,2026-09-09T11:29:00Z,85.3
e01692,station-east-01,2026-09-09T11:30:00Z,25.0
e01693,station-east-02,2026-09-09T11:30:00Z,84.3
e01694,station-north-01,2026-09-09T11:30:00Z,40.5
e01695,station-north-02,2026-09-09T11:30:00Z,62.9
e01696,station-south-01,2026-09-09T11:30:00Z,99.0
e01697,station-south-02,2026-09-09T11:30:00Z,53.6
e01698,station-west-01,2026-09-09T11:30:00Z,138.3
e01699,station-west-02,2026-09-09T11:30:00Z,89.9
e01700,station-east-01,2026-09-09T11:31:00Z,25.0
e01701,station-east-02,2026-09-09T11:31:00Z,69.5
e01702,station-north-01,2026-09-09T11:31:00Z,38.0
e01703,station-north-02,2026-09-09T11:31:00Z,55.5
e01704,station-south-01,2026-09-09T11:31:00Z,92.8
e01705,station-south-02,2026-09-09T11:31:00Z,64.4
e01706,station-west-01,2026-09-09T11:31:00Z,115.0
e01707,station-west-02,2026-09-09T11:31:00Z,90.7
e01708,station-east-01,2026-09-09T11:32:00Z,25.0
e01709,station-east-02,2026-09-09T11:32:00Z,65.5
e01710,station-north-01,2026-09-09T11:32:00Z,43.1
e01711,station-north-02,2026-09-09T11:32:00Z,62.6
e01712,station-south-01,2026-09-09T11:32:00Z,99.8
e01713,station-south-02,2026-09-09T11:32:00Z,61.6
e01714,station-west-01,2026-09-09T11:32:00Z,111.3
e01715,station-west-02,2026-09-09T11:32:00Z,94.0
e01716,station-east-01,2026-09-09T11:33:00Z,25.0
e01717,station-east-02,2026-09-09T11:33:00Z,68.8
e01718,station-north-01,2026-09-09T11:33:00Z,46.4
e01719,station-north-02,2026-09-09T11:33:00Z,56.9
e01720,station-south-01,2026-09-09T11:33:00Z,106.2
e01721,station-south-02,2026-09-09T11:33:00Z,65.4
e01722,station-west-01,2026-09-09T11:33:00Z,111.2
e01723,station-west-02,2026-09-09T11:33:00Z,87.4
e01724,station-east-01,2026-09-09T11:34:00Z,25.0
e01725,station-east-02,2026-09-09T11:34:00Z,70.5
e01726,station-north-01,2026-09-09T11:34:00Z,36.0
e01727,station-north-02,2026-09-09T11:34:00Z,56.8
e01728,station-south-01,2026-09-09T11:34:00Z,88.7
e01729,station-south-02,2026-09-09T11:34:00Z,62.7
e01730,station-west-01,2026-09-09T11:34:00Z,128.4
e01731,station-west-02,2026-09-09T11:34:00Z,90.3
e01732,station-east-01,2026-09-09T11:35:00Z,25.0
e01733,station-east-02,2026-09-09T11:35:00Z,79.5
e01734,station-north-01,2026-09-09T11:35:00Z,37.5
e01735,station-north-02,2026-09-09T11:35:00Z,53.9
e01736,station-south-01,2026-09-09T11:35:00Z,101.8
e01737,station-south-02,2026-09-09T11:35:00Z,66.0
e01738,station-west-01,2026-09-09T11:35:00Z,106.3
e01739,station-west-02,2026-09-09T11:35:00Z,86.9
e01740,station-east-01,2026-09-09T11:36:00Z,25.0
e01741,station-east-02,2026-09-09T11:36:00Z,79.1
e01742,station-north-01,2026-09-09T11:36:00Z,41.9
e01743,station-north-02,2026-09-09T11:36:00Z,43.8
e01744,station-south-01,2026-09-09T11:36:00Z,97.1
e01745,station-south-02,2026-09-09T11:36:00Z,54.9
e01746,station-west-01,2026-09-09T11:36:00Z,109.9
e01747,station-west-02,2026-09-09T11:36:00Z,90.5
e01748,station-east-01,2026-09-09T11:37:00Z,25.0
e01749,station-east-02,2026-09-09T11:37:00Z,84.4
e01750,station-north-01,2026-09-09T11:37:00Z,38.7
e01751,station-north-02,2026-09-09T11:37:00Z,56.8
e01752,station-south-01,2026-09-09T11:37:00Z,104.1
e01753,station-south-02,2026-09-09T11:37:00Z,62.4
e01754,station-west-01,2026-09-09T11:37:00Z,117.8
e01755,station-west-02,2026-09-09T11:37:00Z,85.9
e01756,station-east-01,2026-09-09T11:38:00Z,25.0
e01757,station-east-02,2026-09-09T11:38:00Z,50.5
e01758,station-north-01,2026-09-09T11:38:00Z,33.4
e01759,station-north-02,2026-09-09T11:38:00Z,55.2
e01760,station-south-01,2026-09-09T11:38:00Z,101.1
e01761,station-south-02,2026-09-09T11:38:00Z,50.6
e01762,station-west-01,2026-09-09T11:38:00Z,126.5
e01763,station-west-02,2026-09-09T11:38:00Z,86.5
e01764,station-east-01,2026-09-09T11:39:00Z,25.0
e01765,station-east-02,2026-09-09T11:39:00Z,68.2
e01766,station-north-01,2026-09-09T11:39:00Z,40.0
e01767,station-north-02,2026-09-09T11:39:00Z,58.2
e01768,station-south-01,2026-09-09T11:39:00Z,95.1
e01769,station-south-02,2026-09-09T11:39:00Z,55.1
e01770,station-west-01,2026-09-09T11:39:00Z,118.5
e01771,station-west-02,2026-09-09T11:39:00Z,88.5
e01772,station-east-01,2026-09-09T11:40:00Z,25.0
e01773,station-east-02,2026-09-09T11:40:00Z,79.8
e01774,station-north-01,2026-09-09T11:40:00Z,40.9
e01775,station-north-02,2026-09-09T11:40:00Z,63.6
e01776,station-south-01,2026-09-09T11:40:00Z,104.8
e01777,station-south-02,2026-09-09T11:40:00Z,47.6
e01778,station-west-01,2026-09-09T11:40:00Z,105.9
e01779,station-west-02,2026-09-09T11:40:00Z,84.6
e01780,station-east-01,2026-09-09T11:41:00Z,25.0
e01781,station-east-02,2026-09-09T11:41:00Z,60.8
e01782,station-north-01,2026-09-09T11:41:00Z,42.1
e01783,station-north-02,2026-09-09T11:41:00Z,58.3
e01784,station-south-01,2026-09-09T11:41:00Z,104.1
e01785,station-south-02,2026-09-09T11:41:00Z,53.1
e01786,station-west-01,2026-09-09T11:41:00Z,142.1
e01787,station-west-02,2026-09-09T11:41:00Z,94.6
e01788,station-east-01,2026-09-09T11:42:00Z,25.0
e01789,station-east-02,2026-09-09T11:42:00Z,79.3
e01790,station-north-01,2026-09-09T11:42:00Z,44.2
e01791,station-north-02,2026-09-09T11:42:00Z,55.5
e01792,station-south-01,2026-09-09T11:42:00Z,98.8
e01793,station-south-02,2026-09-09T11:42:00Z,64.2
e01794,station-west-01,2026-09-09T11:42:00Z,109.3
e01795,station-west-01,2026-09-09T11:42:00Z,"12,5"
e01796,station-west-02,2026-09-09T11:42:00Z,92.2
e01797,station-east-01,2026-09-09T11:43:00Z,25.0
e01798,station-east-02,2026-09-09T11:43:00Z,75.7
e01799,station-north-01,2026-09-09T11:43:00Z,36.1
e01800,station-north-02,2026-09-09T11:43:00Z,48.7
e01801,station-south-01,2026-09-09T11:43:00Z,100.0
e01802,station-south-02,2026-09-09T11:43:00Z,40.1
e01803,station-west-01,2026-09-09T11:43:00Z,119.1
e01804,station-west-02,2026-09-09T11:43:00Z,93.7
e01805,station-east-01,2026-09-09T11:44:00Z,35.0
e01806,station-east-02,2026-09-09T11:44:00Z,69.5
e01807,station-north-01,2026-09-09T11:44:00Z,38.4
e01808,station-north-02,2026-09-09T11:44:00Z,45.0
e01809,station-south-01,2026-09-09T11:44:00Z,103.3
e01810,station-south-02,2026-09-09T11:44:00Z,55.8
e01811,station-west-01,2026-09-09T11:44:00Z,119.3
e01812,station-west-02,2026-09-09T11:44:00Z,86.2
e01813,station-east-01,2026-09-09T11:45:00Z,24.1
e01814,station-east-02,2026-09-09T11:45:00Z,74.0
e01815,station-north-01,2026-09-09T11:45:00Z,39.8
e01816,station-north-02,2026-09-09T11:45:00Z,69.0
e01817,station-south-01,2026-09-09T11:45:00Z,95.4
e01818,station-south-02,2026-09-09T11:45:00Z,65.2
e01819,station-west-01,2026-09-09T11:45:00Z,120.7
e01820,station-west-02,2026-09-09T11:45:00Z,93.2
e01821,station-east-01,2026-09-09T11:46:00Z,24.0
e01822,station-east-02,2026-09-09T11:46:00Z,57.7
e01823,station-north-01,2026-09-09T11:46:00Z,41.3
e01824,station-north-02,2026-09-09T11:46:00Z,55.1
e01825,station-south-01,2026-09-09T11:46:00Z,105.7
e01826,station-south-02,2026-09-09T11:46:00Z,79.3
e01827,station-west-01,2026-09-09T11:46:00Z,107.4
e01828,station-west-02,2026-09-09T11:46:00Z,87.1
e01829,station-east-01,2026-09-09T11:47:00Z,23.3
e01830,station-east-02,2026-09-09T11:47:00Z,50.4
e01831,station-north-01,2026-09-09T11:47:00Z,37.8
e01832,station-north-02,2026-09-09T11:47:00Z,65.8
e01833,station-south-01,2026-09-09T11:47:00Z,104.4
e01834,station-south-02,2026-09-09T11:47:00Z,62.5
e01835,station-west-01,2026-09-09T11:47:00Z,113.3
e01836,station-west-02,2026-09-09T11:47:00Z,92.4
e01837,station-east-01,2026-09-09T11:48:00Z,26.5
e01838,station-east-02,2026-09-09T11:48:00Z,84.1
e01839,station-north-01,2026-09-09T11:48:00Z,40.1
e01840,station-north-02,2026-09-09T11:48:00Z,57.3
e01841,station-south-01,2026-09-09T11:48:00Z,103.7
e01842,station-south-02,2026-09-09T11:48:00Z,63.5
e01843,station-west-01,2026-09-09T11:48:00Z,116.2
e01844,station-west-02,2026-09-09T11:48:00Z,95.9
e01845,station-east-01,2026-09-09T11:49:00Z,24.3
e01846,station-east-02,2026-09-09T11:49:00Z,63.5
e01847,station-north-01,2026-09-09T11:49:00Z,37.7
e01848,station-north-02,2026-09-09T11:49:00Z,48.8
e01849,station-south-01,2026-09-09T11:49:00Z,106.3
e01850,station-south-02,2026-09-09T11:49:00Z,52.4
e01851,station-west-01,2026-09-09T11:49:00Z,121.5
e01852,station-west-02,2026-09-09T11:49:00Z,95.7
e01853,station-east-01,2026-09-09T11:50:00Z,30.0
e01854,station-east-02,2026-09-09T11:50:00Z,74.6
e01855,station-north-01,2026-09-09T11:50:00Z,42.6
e01856,station-north-02,2026-09-09T11:50:00Z,56.1
e01857,station-south-01,2026-09-09T11:50:00Z,102.3
e01858,station-south-02,2026-09-09T11:50:00Z,57.8
e01859,station-west-01,2026-09-09T11:50:00Z,122.2
e01860,station-west-02,2026-09-09T11:50:00Z,80.9
e01861,station-east-01,2026-09-09T11:51:00Z,27.4
e01862,station-east-02,2026-09-09T11:51:00Z,68.6
e01863,station-north-01,2026-09-09T11:51:00Z,43.8
e01864,station-north-02,2026-09-09T11:51:00Z,49.8
e01865,station-south-01,2026-09-09T11:51:00Z,108.4
e01866,station-south-02,2026-09-09T11:51:00Z,70.5
e01867,station-west-01,2026-09-09T11:51:00Z,121.3
e01868,station-west-02,2026-09-09T11:51:00Z,90.1
e01869,station-east-01,2026-09-09T11:52:00Z,25.0
e01870,station-east-02,2026-09-09T11:52:00Z,53.7
e01871,station-north-01,2026-09-09T11:52:00Z,37.7
e01872,station-north-02,2026-09-09T11:52:00Z,63.1
e01873,station-south-01,2026-09-09T11:52:00Z,104.0
e01874,station-south-02,2026-09-09T11:52:00Z,56.3
e01875,station-west-01,2026-09-09T11:52:00Z,127.2
e01876,station-west-02,2026-09-09T11:52:00Z,94.1
e01877,station-east-01,2026-09-09T11:53:00Z,20.7
e01878,station-east-02,2026-09-09T11:53:00Z,72.8
e01879,station-north-01,2026-09-09T11:53:00Z,41.8
e01880,station-north-02,2026-09-09T11:53:00Z,49.3
e01881,station-south-01,2026-09-09T11:53:00Z,100.9
e01882,station-south-02,2026-09-09T11:53:00Z,45.3
e01883,station-west-01,2026-09-09T11:53:00Z,111.5
e01884,station-west-02,2026-09-09T11:53:00Z,105.0
e01885,station-east-01,2026-09-09T11:54:00Z,21.5
e01886,station-east-02,2026-09-09T11:54:00Z,81.4
e01887,station-north-01,2026-09-09T11:54:00Z,36.9
e01888,station-north-02,2026-09-09T11:54:00Z,46.8
e01889,station-south-01,2026-09-09T11:54:00Z,98.8
e01890,station-south-02,2026-09-09T11:54:00Z,67.0
e01891,station-west-01,2026-09-09T11:54:00Z,124.5
e01892,station-west-02,2026-09-09T11:54:00Z,90.9
e01893,station-east-01,2026-09-09T11:55:00Z,30.4
e01894,station-east-02,2026-09-09T11:55:00Z,75.2
e01895,station-north-01,2026-09-09T11:55:00Z,41.2
e01896,station-north-02,2026-09-09T11:55:00Z,47.0
e01897,station-south-01,2026-09-09T11:55:00Z,101.2
e01898,station-south-02,2026-09-09T11:55:00Z,75.6
e01899,station-west-01,2026-09-09T11:55:00Z,105.8
e01900,station-west-02,2026-09-09T11:55:00Z,90.5
e01901,station-east-01,2026-09-09T11:56:00Z,25.8
e01902,station-east-02,2026-09-09T11:56:00Z,70.6
e01903,station-north-01,2026-09-09T11:56:00Z,35.7
e01904,station-north-02,2026-09-09T11:56:00Z,49.5
e01905,station-south-01,2026-09-09T11:56:00Z,102.6
e01906,station-south-02,2026-09-09T11:56:00Z,60.8
e01907,station-west-01,2026-09-09T11:56:00Z,129.9
e01908,station-west-02,2026-09-09T11:56:00Z,94.4
e01909,station-east-01,2026-09-09T11:57:00Z,23.7
e01910,station-east-02,2026-09-09T11:57:00Z,61.3
e01911,station-north-01,2026-09-09T11:57:00Z,40.8
e01912,station-north-02,2026-09-09T11:57:00Z,44.3
e01913,station-south-01,2026-09-09T11:57:00Z,98.3
e01914,station-south-02,2026-09-09T11:57:00Z,56.3
e01915,station-west-01,2026-09-09T11:57:00Z,121.7
e01916,station-west-02,2026-09-09T11:57:00Z,89.1
e01917,station-east-01,2026-09-09T11:58:00Z,26.9
e01918,station-east-02,2026-09-09T11:58:00Z,72.6
e01919,station-north-01,2026-09-09T11:58:00Z,43.5
e01920,station-north-02,2026-09-09T11:58:00Z,51.5
e01921,station-south-01,2026-09-09T11:58:00Z,92.4
e01922,station-south-02,2026-09-09T11:58:00Z,54.9
e01923,station-west-01,2026-09-09T11:58:00Z,123.5
e01924,station-west-02,2026-09-09T11:58:00Z,85.0
e01925,station-east-01,2026-09-09T11:59:00Z,24.0
e01926,station-east-02,2026-09-09T11:59:00Z,74.8
e01927,station-north-01,2026-09-09T11:59:00Z,42.8
e01928,station-north-02,2026-09-09T11:59:00Z,59.6
e01929,station-south-01,2026-09-09T11:59:00Z,94.6
e01930,station-south-02,2026-09-09T11:59:00Z,65.1
e01931,station-west-01,2026-09-09T11:59:00Z,125.6
e01932,station-west-02,2026-09-09T11:59:00Z,89.8
e01933,station-east-01,2026-09-09T12:00:00Z,26.0
e01934,station-east-02,2026-09-09T12:00:00Z,63.0
e01935,station-north-01,2026-09-09T12:00:00Z,34.5
e01936,station-north-02,2026-09-09T12:00:00Z,61.0
e01937,station-south-01,2026-09-09T12:00:00Z,102.9
e01938,station-south-02,2026-09-09T12:00:00Z,58.7
e01939,station-west-01,2026-09-09T12:00:00Z,124.0
e01940,station-west-02,2026-09-09T12:00:00Z,92.5
e01941,station-east-01,2026-09-09T12:01:00Z,28.7
e01942,station-east-02,2026-09-09T12:01:00Z,60.0
e01943,station-north-01,2026-09-09T12:01:00Z,40.5
e01944,station-north-02,2026-09-09T12:01:00Z,52.8
e01945,station-south-01,2026-09-09T12:01:00Z,96.7
e01946,station-south-02,2026-09-09T12:01:00Z,67.0
e01947,station-west-01,2026-09-09T12:01:00Z,128.8
e01948,station-west-02,2026-09-09T12:01:00Z,101.5
e01949,station-east-01,2026-09-09T12:02:00Z,25.8
e01950,station-east-02,2026-09-09T12:02:00Z,58.5
e01951,station-north-01,2026-09-09T12:02:00Z,39.0
e01952,station-north-02,2026-09-09T12:02:00Z,50.9
e01953,station-south-01,2026-09-09T12:02:00Z,103.0
e01954,station-south-02,2026-09-09T12:02:00Z,44.1
e01955,station-west-01,2026-09-09T12:02:00Z,118.5
e01956,station-west-02,2026-09-09T12:02:00Z,95.4
e01957,station-east-01,2026-09-09T12:03:00Z,22.3
e01958,station-east-02,2026-09-09T12:03:00Z,67.4
e01959,station-north-01,2026-09-09T12:03:00Z,44.3
e01960,station-north-02,2026-09-09T12:03:00Z,65.1
e01961,station-south-01,2026-09-09T12:03:00Z,97.5
e01962,station-south-02,2026-09-09T12:03:00Z,70.3
e01963,station-west-01,2026-09-09T12:03:00Z,123.0
e01964,station-west-02,2026-09-09T12:03:00Z,87.8
e01965,station-east-01,2026-09-09T12:04:00Z,29.1
e01966,station-east-02,2026-09-09T12:04:00Z,85.6
e01967,station-north-01,2026-09-09T12:04:00Z,41.3
e01968,station-north-02,2026-09-09T12:04:00Z,51.3
e01969,station-south-01,2026-09-09T12:04:00Z,97.9
e01970,station-south-02,2026-09-09T12:04:00Z,63.8
e01971,station-west-01,2026-09-09T12:04:00Z,125.2
e01972,station-west-02,2026-09-09T12:04:00Z,85.3
e01973,station-east-01,2026-09-09T12:05:00Z,29.0
e01974,station-east-02,2026-09-09T12:05:00Z,67.2
e01975,station-north-01,2026-09-09T12:05:00Z,44.5
e01976,station-north-02,2026-09-09T12:05:00Z,60.0
e01977,station-south-01,2026-09-09T12:05:00Z,96.8
e01978,station-south-02,2026-09-09T12:05:00Z,52.2
e01979,station-west-01,2026-09-09T12:05:00Z,105.4
e01980,station-west-02,2026-09-09T12:05:00Z,88.2
e01981,station-east-01,2026-09-09T12:06:00Z,28.5
e01982,station-east-02,2026-09-09T12:06:00Z,79.0
e01983,station-north-01,2026-09-09T12:06:00Z,38.4
e01984,station-north-02,2026-09-09T12:06:00Z,52.7
e01985,station-south-01,2026-09-09T12:06:00Z,101.2
e01986,station-south-02,2026-09-09T12:06:00Z,61.5
e01987,station-west-01,2026-09-09T12:06:00Z,104.0
e01988,station-west-02,2026-09-09T12:06:00Z,90.2
e01989,station-east-01,2026-09-09T12:07:00Z,22.3
e01990,station-east-02,2026-09-09T12:07:00Z,72.3
e01991,station-north-01,2026-09-09T12:07:00Z,36.6
e01992,station-north-02,2026-09-09T12:07:00Z,53.9
e01993,station-south-01,2026-09-09T12:07:00Z,98.3
e01994,station-south-02,2026-09-09T12:07:00Z,67.9
e01995,station-west-01,2026-09-09T12:07:00Z,115.1
e01996,station-west-02,2026-09-09T12:07:00Z,83.2
e01997,station-east-01,2026-09-09T12:08:00Z,26.8
e01998,station-east-02,2026-09-09T12:08:00Z,92.1
e01999,station-north-01,2026-09-09T12:08:00Z,32.7
e02000,station-north-02,2026-09-09T12:08:00Z,59.5
e02001,station-south-01,2026-09-09T12:08:00Z,103.8
e02002,station-south-02,2026-09-09T12:08:00Z,68.3
e02003,station-west-01,2026-09-09T12:08:00Z,115.3
e02004,station-west-02,2026-09-09T12:08:00Z,88.0
e02005,station-east-01,2026-09-09T12:09:00Z,24.9
e02006,station-east-02,2026-09-09T12:09:00Z,69.3
e02007,station-north-01,2026-09-09T12:09:00Z,40.9
e02008,station-north-02,2026-09-09T12:09:00Z,48.1
e02009,station-south-01,2026-09-09T12:09:00Z,104.4
e02010,station-south-02,2026-09-09T12:09:00Z,70.4
e02011,station-west-01,2026-09-09T12:09:00Z,118.9
e02012,station-west-02,2026-09-09T12:09:00Z,90.5
e02013,station-east-01,2026-09-09T12:10:00Z,25.4
e02014,station-east-02,2026-09-09T12:10:00Z,76.7
e02015,station-north-01,2026-09-09T12:10:00Z,39.2
e02016,station-north-02,2026-09-09T12:10:00Z,57.6
e02017,station-south-01,2026-09-09T12:10:00Z,101.7
e02018,station-south-02,2026-09-09T12:10:00Z,56.0
e02019,station-west-01,2026-09-09T12:10:00Z,123.6
e02020,station-west-02,2026-09-09T12:10:00Z,94.9
e02021,station-east-01,2026-09-09T12:11:00Z,23.4
e02022,station-east-02,2026-09-09T12:11:00Z,58.6
e02023,station-north-01,2026-09-09T12:11:00Z,41.0
e02024,station-north-02,2026-09-09T12:11:00Z,55.8
e02025,station-south-01,2026-09-09T12:11:00Z,99.7
e02026,station-south-02,2026-09-09T12:11:00Z,66.2
e02027,station-west-01,2026-09-09T12:11:00Z,110.6
e02028,station-west-02,2026-09-09T12:11:00Z,84.5
e02029,station-east-01,2026-09-09T12:12:00Z,25.2
e02030,station-east-02,2026-09-09T12:12:00Z,64.3
e02031,station-north-01,2026-09-09T12:12:00Z,39.6
e02032,station-north-02,2026-09-09T12:12:00Z,53.3
e02033,station-south-01,2026-09-09T12:12:00Z,99.1
e02034,station-south-02,2026-09-09T12:12:00Z,64.0
e02035,station-west-01,2026-09-09T12:12:00Z,117.4
e02036,station-west-02,2026-09-09T12:12:00Z,86.8
e02037,station-east-01,2026-09-09T12:13:00Z,22.2
e02038,station-east-02,2026-09-09T12:13:00Z,46.5
e02039,station-north-01,2026-09-09T12:13:00Z,40.8
e02040,station-north-02,2026-09-09T12:13:00Z,61.1
e02041,station-south-01,2026-09-09T12:13:00Z,102.2
e02042,station-south-02,2026-09-09T12:13:00Z,59.6
e02043,station-west-01,2026-09-09T12:13:00Z,122.4
e02044,station-west-02,2026-09-09T12:13:00Z,97.5
e02045,station-east-01,2026-09-09T12:14:00Z,22.7
e02046,station-east-02,2026-09-09T12:14:00Z,89.1
e02047,station-north-01,2026-09-09T12:14:00Z,44.4
e02048,station-north-02,2026-09-09T12:14:00Z,58.4
e02049,station-south-01,2026-09-09T12:14:00Z,98.2
e02050,station-south-02,2026-09-09T12:14:00Z,71.5
e02051,station-west-01,2026-09-09T12:14:00Z,123.3
e02052,station-west-02,2026-09-09T12:14:00Z,88.2
e02053,station-east-01,2026-09-09T12:15:00Z,26.0
e02054,station-east-02,2026-09-09T12:15:00Z,65.0
e02055,station-north-01,2026-09-09T12:15:00Z,36.4
e02056,station-north-02,2026-09-09T12:15:00Z,44.8
e02057,station-south-01,2026-09-09T12:15:00Z,102.7
e02058,station-south-02,2026-09-09T12:15:00Z,63.2
e02059,station-west-01,2026-09-09T12:15:00Z,114.5
e02060,station-west-02,2026-09-09T12:15:00Z,89.0
e02061,station-east-01,2026-09-09T12:16:00Z,27.7
e02062,station-east-02,2026-09-09T12:16:00Z,70.6
e02063,station-north-01,2026-09-09T12:16:00Z,41.7
e02064,station-north-02,2026-09-09T12:16:00Z,54.4
e02065,station-south-01,2026-09-09T12:16:00Z,97.7
e02066,station-south-02,2026-09-09T12:16:00Z,64.9
e02067,station-west-01,2026-09-09T12:16:00Z,125.7
e02068,station-west-02,2026-09-09T12:16:00Z,91.1
e02069,station-east-01,2026-09-09T12:17:00Z,25.0
e02070,station-east-02,2026-09-09T12:17:00Z,69.1
e02071,station-north-01,2026-09-09T12:17:00Z,43.9
e02072,station-north-02,2026-09-09T12:17:00Z,45.3
e02073,station-south-01,2026-09-09T12:17:00Z,94.1
e02074,station-south-02,2026-09-09T12:17:00Z,59.5
e02075,station-west-01,2026-09-09T12:17:00Z,119.1
e02076,station-west-02,2026-09-09T12:17:00Z,91.4
e02077,station-east-01,2026-09-09T12:18:00Z,23.8
e02078,station-east-02,2026-09-09T12:18:00Z,81.5
e02079,station-north-01,2026-09-09T12:18:00Z,41.6
e02080,station-north-02,2026-09-09T12:18:00Z,52.4
e02081,station-south-01,2026-09-09T12:18:00Z,101.2
e02082,station-south-02,2026-09-09T12:18:00Z,52.8
e02083,station-west-01,2026-09-09T12:18:00Z,118.2
e02084,station-west-02,2026-09-09T12:18:00Z,88.2
e02085,station-east-01,2026-09-09T12:19:00Z,25.2
e02086,station-east-02,2026-09-09T12:19:00Z,64.0
e02087,station-north-01,2026-09-09T12:19:00Z,45.7
e02088,station-north-02,2026-09-09T12:19:00Z,54.8
e02089,station-south-01,2026-09-09T12:19:00Z,101.3
e02090,station-south-02,2026-09-09T12:19:00Z,57.5
e02091,station-west-01,2026-09-09T12:19:00Z,131.1
e02092,station-west-02,2026-09-09T12:19:00Z,86.6
